event_key,event_family,minimum_context,probability_traits,preconditions,likely_witnesses,consequence_hooks,importance_min,importance_max,default_record_type,default_visibility,preservation_defaults,public_unknown_view,public_rumored_view,public_known_view,prose_tone_variants,notes
status_rise,status_mobility,person+settlement,ambition+;discipline+;persuasion+;civics+;honesty+,achievement;surplus;public_recognition,household;guild;court;market,reputation;patronage;class_position,0.35,0.85,public_status_record,public_known,public_record_or_local_memory,standing improves but cause unclear,rumor credits patron talent marriage or luck,record names person new status and reason,annal;guild_memory;court_record,Upper-echelon mobility event.
elite_job_promoted,status_mobility,person+job+settlement,ambition+;discipline+;focus+;persuasion+;intellect+,scarce_role;local_surplus;patron_or_reputation,guild;court;market;household,reputation;job_state;patronage,0.45,0.90,public_status_record,public_known,public_record_or_guild_memory,new title appears with uncertain sponsor,rumor debates merit patronage or bribery,record names person role sponsor and settlement,guild_memory;court_record;annal,Prestige job access event.
patronage_granted,status_mobility,patron+client+settlement,persuasion+;loyalty+;ambition+;generosity+;civics+,elite_patron;client_potential;access_gap,household;retainers;guild;court,obligation;reputation;promotion_access,0.30,0.80,household_memory,rumored,household_memory_or_court_note,client advances with sponsor unclear,rumor names patron bargain favor or family tie,record names patron client and obligation,rumor;household_memory;court_record,Patron/client tie.
status_fall,status_mobility,person+settlement,ambition+;honesty-;temperance-;discipline-;neurochemical+,debt;scandal;failed_office;lost_patron,market;court;household;creditor,reputation_loss;obligation;legal_fallout,0.35,0.90,public_status_record,rumored,rumor_or_court_record,standing drops with cause unclear,rumor blames debt vice fraud or patron loss,record names person cause and consequence,rumor;court_record;annal,Prestige fall event.
elite_household_investment,economy,patron+household+settlement,ambition+;generosity+;civics+;frugality-;discipline+,surplus;standing;local_opportunity,market;guild;retainers;court,prosperity;patronage;service_demand,0.35,0.85,settlement_chronicle,public_known,settlement_record_or_local_memory,public works appear with funder unclear,rumor credits elite gift bargain or display,record names household patron investment and settlement,annal;guild_memory;court_record,Elite surplus affects settlement.
murder,violent_crime,actor+victim+settlement,justice-;empathy-;temperance-;patience-;ambition+;courage+,grievance;scarcity;privacy;weapon_or_opportunity,household;neighbors;market;court,death;feud;risk_succession;faction_memory,0.55,0.95,violent_crime_record,rumored,rumor_then_court_or_lost,victim missing or death cause unknown,blame tale names suspect monster bandit or curse,record names killer victim place motive,rumor;court_record;later_reconstruction,Vertical-slice lethal crime truth can differ from public memory.
feud_killing,violent_crime,actor+victim+settlement,justice-;empathy-;loyalty+;courage+;temperance-,prior_grievance;kin_or_faction_tension,kin;neighbors;retainers,death;feud_escalation;faction_memory,0.60,0.98,violent_crime_record,rumored,oral_feud_memory_or_lost,victim slain but feud author unclear,vengeance rumor assigns faction blame,record names killer feud and grievance,rumor;feud_song;court_record,Represents retaliatory killing.
domestic_killing,violent_crime,actor+victim+household,empathy-;temperance-;patience-;mating_drive+;neurochemical+,household_conflict;jealousy;scarcity,household;children;neighbors,death;relationship_break;household_crisis,0.60,0.95,violent_crime_record,rumored,household_secret_or_rumor,household member disappears or dies suddenly,whispers blame spouse paramour or curse,record names household killer and victim,household_memory;rumor;court_record,Truth may be hidden by household members.
attempted_murder,violent_crime,actor+target+settlement,justice-;empathy-;courage+;ambition+;discipline+,rivalry;failed_opportunity;witness_interrupts,witnesses;guards;household,injury;feud;legal_fallout,0.45,0.85,violent_crime_record,rumored,rumor_or_court_record,target harmed with unclear attacker,rumor names suspect or motive,record names attacker target method,rumor;court_record;admin_summary,Nonfatal but consequential.
assault,violent_crime,actor+target+settlement,temperance-;patience-;assertiveness+;empathy-,insult;scarcity;crowding,neighbors;market;work_party,injury;reputation;feud_seed,0.25,0.70,violent_crime_record,rumored,local_memory_or_lost,injury known with unclear attacker,talk blames hot temper or feud,record names assailant target and setting,terse_annal;rumor;court_record,Lower-importance violence.
duel,violent_crime,duelist_a+duelist_b+settlement,courage+;honor+;assertiveness+;temperance-,formal_challenge;public_insult,seconds;crowd;court,injury_or_death;reputation;legal_fallout,0.45,0.90,violent_crime_record,public_known,public_memory_or_court,injury or death known but challenger unclear,rumor debates fairness or cheating,record names duelists cause and outcome,court_record;bardic;annal,Can be public even when motives distort.
assassination_attempt,violent_crime,actor+target+office_or_place,ambition+;justice-;discipline+;courage+;loyalty-,office_tension;succession_crisis;guard_gap,guards;retainers;court,injury;title_crisis;purge;faction_memory,0.70,1.00,court_chronicle,rumored,court_record_or_sealed,target threatened by unknown hand,rumor names faction patron or outsider,record names attacker patron target and office,court_record;sealed_archive;later_reconstruction,High political impact even when failed.
theft,property_survival_crime,actor+target+settlement,honesty-;justice-;empathy-;frugality+;adaptability+,opportunity;need;low_witnesses,market;neighbors;household,property_loss;reputation;obligation,0.20,0.65,property_crime_record,rumored,local_memory_or_lost,goods missing with culprit unknown,market talk blames suspect or outsider,record names thief target and goods,market_rumor;court_roll;annal,Representative property-crime slice.
livestock_theft,property_survival_crime,actor+target+settlement,honesty-;justice-;adaptability+;perception+,rural_opportunity;scarcity;valuable_target,herders;neighbors;market,property_loss;feud_seed;settlement_stability,0.30,0.75,property_crime_record,rumored,local_memory_or_lost,animals vanish from herd,rumor follows tracks to suspect or rival hamlet,record names thief herd and route,market_rumor;court_roll;household_memory,Rural survival or market theft.
storehouse_robbery,property_survival_crime,actor+target+settlement,honesty-;justice-;ambition+;discipline+;perception+,scarcity;stored_goods;guard_gap,guards;porters;neighbors,property_loss;food_pressure;legal_fallout,0.40,0.85,property_crime_record,rumored,court_or_settlement_record,stores found depleted with no culprit,rumor blames hungry crowd guild or official,record names robbers target and loss,court_roll;rumor;annal,Scarcity theft can affect settlement stability.
debt_evasion,property_survival_crime,actor+creditor+settlement,honesty-;justice-;persuasion+;discipline+,debt;status_pressure;weak_court,creditor;scribes;neighbors,obligation_default;reputation;legal_fallout,0.25,0.70,property_crime_record,rumored,court_roll_or_lost,debt unresolved without cause,rumor claims forged excuse flight or patron shield,record names debtor creditor and obligation,court_roll;market_rumor;admin_summary,Useful for future obligation system.
fraud,property_survival_crime,actor+target+settlement,honesty-;justice-;persuasion+;perception+;ambition+,transaction;document_or_claim;trust_access,market;scribes;guild,property_loss;reputation;legal_fallout,0.35,0.80,property_crime_record,rumored,court_or_guild_record,loss discovered but method unclear,rumor names false weights forged mark or lying witness,record names fraudster target and method,court_roll;guild_memory;rumor,Representative deception crime.
extortion,property_survival_crime,actor+target+settlement,empathy-;justice-;assertiveness+;ambition+;courage+,power_gap;threat;weak_order,victim_household;neighbors;guards,property_loss;fear;faction_memory,0.35,0.85,property_crime_record,rumored,local_fear_or_court,tribute paid with coercer unnamed,rumor says gang official or patron demanded payment,record names coercer target and threat,court_roll;rumor;admin_summary,Can bridge crime and politics.
scarcity_hoarding,property_survival_crime,actor+settlement,empathy-;justice-;frugality+;discipline+;perception+,scarcity;stored_goods;status_advantage,neighbors;market;household,food_pressure;unrest;reputation,0.30,0.80,property_crime_record,rumored,market_memory_or_lost,shortage worsens with hidden stores suspected,rumor names hoarder or secret granary,record names stores holder and public harm,market_rumor;annal;court_roll,Survival crime during resource pressure.
affair_exposed,household_scandal,accused+paramour+settlement,mating_drive+;loyalty-;modesty-;honesty-;discipline-,existing_paramour;public_exposure,spouse;neighbors;household,relationship_break;legal_fallout;reputation,0.30,0.80,scandal_record,rumored,household_rumor_or_lost,household strain known but cause hidden,whispers join accused and paramour,record names paramours betrayed partners and fallout,household_memory;rumor;court_record,Vertical-slice scandal.
disputed_parentage,household_scandal,parent+child+household,honesty-;mating_drive+;loyalty-;persuasion+;perception+,inheritance_pressure;affair_rumor;childbirth,household;midwife;kin,legitimacy_rumor;inheritance_fallout;faction_memory,0.45,0.90,scandal_record,rumored,lineage_memory_or_sealed,parentage uncertain in household memory,rumor names alternate parent or curse,record states claim evidence and accepted lineage,lineage_roll;rumor;later_reconstruction,Important for succession.
elopement,household_scandal,partner_a+partner_b+settlement,courage+;mating_drive+;loyalty+;assertiveness+;patience-,blocked_union;family_pressure,kin;neighbors;travelers,couple_shift;household_conflict;migration,0.30,0.75,household_memory,public_known,household_memory_or_song,two people vanish together but intent unclear,rumor claims abduction or forbidden love,record names couple route and household reaction,household_memory;bardic;annal,Can be virtue or scandal depending context.
coerced_patronage,household_scandal,patron+dependent+settlement,empathy-;justice-;ambition+;assertiveness+;persuasion+,power_gap;debt;office_or_job_access,household;guild;court,obligation;reputation;legal_fallout,0.45,0.90,scandal_record,rumored,sealed_or_rumor,dependent tied to patron with cause hidden,rumor claims coercion debt or blackmail,record names patron dependent and pressure,rumor;sealed_archive;court_record,Dark household/status scandal.
abandonment,household_scandal,actor+dependent+settlement,empathy-;nurturance-;loyalty-;resilience-;frugality+,dependent_care;scarcity;flight,kin;neighbors;temple,household_crisis;obligation;reputation,0.30,0.80,household_memory,rumored,household_memory_or_lost,dependent left without known reason,rumor blames poverty shame or new lover,record names abandoned dependent and responsible actor,household_memory;rumor;annal,Private life may later matter.
neglect,household_scandal,actor+dependent+household,empathy-;nurturance-;discipline-;temperance-,dependent_care;stress;scarcity,neighbors;kin;healers,health_loss;household_crisis;reputation,0.25,0.75,household_memory,private_known,household_memory_or_lost,dependent suffers with cause unclear,rumor blames cruel guardian or curse,record names neglecting actor dependent and harm,household_memory;rumor;admin_summary,Usually private until severe.
inheritance_fraud,household_scandal,actor+target+household,honesty-;justice-;ambition+;persuasion+;discipline+,death;inheritance;document_or_claim,kin;scribes;court,legal_fallout;obligation;faction_memory,0.45,0.90,scandal_record,rumored,court_roll_or_sealed,inheritance disrupted by unclear claim,rumor names forged heir witness or document,record names fraudster target claim and ruling,court_roll;rumor;later_reconstruction,Links property and household scandal.
conspiracy,political_crime,actors+target_office+polity,ambition+;loyalty-;discipline+;persuasion+;justice-,office_tension;succession_crisis;faction_network,co_conspirators;spies;court,title_crisis;purge;faction_memory,0.65,1.00,court_chronicle,rumored,sealed_archive_or_court,plot discovered with authors unknown,rumor names faction or foreign hand,record names conspirators target and plan,sealed_archive;court_record;later_reconstruction,Political crime foundation row.
treason,political_crime,actor+polity+target,loyalty-;ambition+;justice-;persuasion+;discipline+,war;foreign_contact;office_access,spies;court;envoys,exile;execution;title_crisis;faction_memory,0.70,1.00,court_chronicle,rumored,court_record_or_purge,public defeat or leak with traitor unknown,rumor names betrayer or rival court,record names traitor act and sentence,court_record;sealed_archive;annal,High-preservation public politics.
forged_claim,political_crime,actor+claim_target+court,honesty-;ambition+;persuasion+;discipline+;civics-,succession_or_land_claim;document_access,scribes;court;kin,legal_fallout;succession_challenge;reputation,0.55,0.95,court_chronicle,rumored,court_roll_or_sealed,claim appears with doubtful origin,rumor says forged seal or bought witness,record names claimant document and ruling,court_roll;rumor;later_reconstruction,Useful for title/legal systems.
bribery,political_crime,actor+official+settlement,honesty-;justice-;ambition+;persuasion+;frugality-,office_decision;valuable_favor,officials;scribes;petitioners,reputation;legal_fallout;policy_shift,0.40,0.85,court_chronicle,rumored,sealed_or_rumor,decision changes with cause hidden,rumor says silver changed hands,record names briber official and favor,court_record;rumor;sealed_archive,Can affect offices and courts.
sabotage,political_crime,actor+target_place+settlement,justice-;loyalty-;discipline+;courage+;perception+,war_or_rivalry;access;valuable_infrastructure,guards;workers;spies,property_loss;warfare_effect;faction_memory,0.50,0.95,court_chronicle,rumored,investigation_or_lost,damage discovered with culprit unknown,rumor names rival faction or enemy,record names saboteur target and damage,court_record;rumor;annal,Political/property bridge.
usurpation_plot,political_crime,actor+office+polity,ambition+;loyalty-;persuasion+;discipline+;courage+,succession_crisis;supporters;weak_ruler,court;retainers;spies,title_crisis;rebellion;faction_memory,0.75,1.00,court_chronicle,rumored,sealed_archive_or_public_trial,throne tension known but plot hidden,rumor names would-be usurper and backers,record names plot leader office and outcome,court_record;later_reconstruction;annal,High-impact political event.
false_accusation,political_crime,actor+target+court,honesty-;justice-;persuasion+;ambition+;empathy-,rivalry;court_access;plausible_charge,court;witnesses;scribes,legal_fallout;reputation;faction_memory,0.45,0.90,court_chronicle,rumored,court_or_rumor,charge exists but truth unknown,rumor debates liar target or motive,record names accuser target charge and finding,court_record;rumor;later_reconstruction,Works for political and religious accusations.
heresy_accusation,religious_cultural_conflict,accuser+target+settlement,justice+;fanaticism+;civics+;empathy-;persuasion+,doctrine_tension;ritual_deviation;authority,priests;neighbors;court,legal_fallout;purge;faction_memory,0.45,0.95,temple_chronicle,rumored,temple_record_or_rumor,accusation known but doctrine unclear,rumor claims secret rites or malicious charge,record names accuser target doctrine and judgment,temple_chronicle;rumor;court_record,Religious conflict foundation.
sacrilege,religious_cultural_conflict,actor+shrine_or_place,justice-;empathy-;courage+;temperance-;civics-,ritual_site;grievance;low_guard,priests;pilgrims;neighbors,unrest;legal_fallout;reputation,0.45,0.90,temple_chronicle,rumored,temple_record_or_lost,holy damage discovered with culprit unknown,rumor names offender or omen,record names actor site and act,temple_chronicle;rumor;annal,Can spawn purge or scandal.
false_prophecy,religious_cultural_conflict,actor+settlement,persuasion+;creativity+;neurochemical+;honesty-;civics-,stress;disaster;audience,followers;priests;market,faction_memory;unrest;cult_seed,0.40,0.85,temple_chronicle,rumored,oral_tradition_or_lost,strange prophecy remembered without source,rumor magnifies omen miracle or fraud,record names prophet claim and outcome,rumor;temple_chronicle;later_reconstruction,Cultural/religious rumor bridge.
cult_founding,religious_cultural_conflict,founder+settlement,persuasion+;creativity+;fanaticism+;courage+;discipline+,followers;doctrine_gap;social_stress,followers;priests;neighbors,institution_seed;faction_memory;unrest,0.55,0.95,temple_chronicle,rumored,oral_tradition_or_chronicle,new rites appear with founder unclear,rumor calls founder saint fraud or sorcerer,record names founder doctrine place and followers,temple_chronicle;rumor;later_reconstruction,May become institution later.
censorship,religious_cultural_conflict,official+target_work+settlement,civics+;justice+;fanaticism+;ambition+;empathy-,controversial_work;authority;scribe_network,scribes;priests;court,knowledge_loss;reputation;faction_memory,0.45,0.90,court_chronicle,public_known,court_or_temple_record,work disappears with suppressor unknown,rumor says temple court or guild silenced it,record names suppressor work and reason,court_record;temple_chronicle;annal,Can affect knowledge preservation.
purge,religious_cultural_conflict,authority+targets+settlement,fanaticism+;justice+;empathy-;discipline+;ambition+,heresy_claim;crisis;armed_support,court;priests;crowd,exile;death;faction_memory;institution_shift,0.70,1.00,temple_chronicle,public_known,public_record_or_trauma,people vanish under unclear authority,rumor names hidden doctrine or faction enemy,record names authority targets charge and punishment,temple_chronicle;court_record;annal,High-impact public cultural conflict.
iconoclasm,religious_cultural_conflict,actor+site+settlement,civics+;fanaticism+;courage+;temperance-;creativity-,ritual_conflict;site_access,crowd;priests;guards,unrest;knowledge_loss;reputation,0.55,0.95,temple_chronicle,rumored,temple_record_or_rumor,image or symbol destroyed with culprit unclear,rumor names zealots enemy or omen,record names actor site object and motive,temple_chronicle;rumor;annal,Concrete cultural conflict.
rescue,public_virtue,benefactor+beneficiary+settlement,empathy+;courage+;nurturance+;justice+;resilience+,danger;proximity;witnesses,neighbors;household;crowd,relief_debt;reputation;stability_gain,0.35,0.85,public_virtue_record,public_known,public_chronicle_or_song,beneficiary saved but rescuer unclear,rumor embellishes danger or helper,record praises rescuer beneficiary and danger,annal;bardic;household_memory,Positive vertical-slice family.
mercy,public_virtue,benefactor+beneficiary+settlement,empathy+;justice+;temperance+;civics+;frugality-,power_over_target;costly_choice,court;household;crowd,relief_debt;reputation;stability_gain,0.35,0.85,public_virtue_record,public_known,public_memory,beneficiary spared but patron unclear,rumor says weakness secret debt or holy sign,record names mercy giver beneficiary and cost,court_record;annal;household_memory,Public mercy or relief.
arbitration,public_virtue,arbiter+parties+settlement,justice+;patience+;civics+;persuasion+;empathy+,dispute;trusted_arbiter;public_hearing,parties;court;neighbors,legal_precedent;stability_gain;reputation,0.40,0.90,public_virtue_record,public_known,court_or_public_record,dispute calmed but decision source unclear,rumor debates bias payment or threat,record names arbiter parties and settlement,court_record;annal;later_reconstruction,Can become legal precedent.
loyal_service,public_virtue,actor+beneficiary_or_office,courage+;loyalty+;discipline+;civics+;resilience+,danger;office_or_household_need,court;household;retainers,reputation;obligation;office_trust,0.35,0.85,public_virtue_record,public_known,court_or_household_memory,service remembered but deed unclear,rumor magnifies oath danger or secret motive,record names servant beneficiary and deed,court_record;annal;bardic,Positive office/household event.
whistleblowing,public_virtue,actor+wrongdoer+settlement,honesty+;justice+;courage+;civics+;loyalty-,hidden_wrong;witness_evidence;retaliation_risk,court;neighbors;scribes,legal_fallout;reputation;faction_memory,0.45,0.95,public_virtue_record,rumored,court_record_or_sealed,wrong exposed by unnamed source,rumor names informant liar or faction,record names truth teller wrongdoer and evidence,court_record;rumor;sealed_archive,Can flip from rumor to known.
refusal_unjust_orders,public_virtue,actor+authority+settlement,justice+;courage+;loyalty-;civics+;empathy+,unjust_command;office_or_war_context,court;retainers;crowd,reputation;legal_fallout;faction_memory,0.45,0.95,public_virtue_record,rumored,court_or_song,order fails with refuser unclear,rumor names cowardice treason or conscience,record names refuser authority and order,court_record;bardic;later_reconstruction,Positive conflict with authority.
invention,knowledge_culture,creator+settlement,curiosity+;creativity+;intellect+;focus+;discipline+,craft_problem;resources;time,witnesses;patron;apprentices,knowledge_state;institution_seed;reputation,0.45,0.90,knowledge_record,public_known,public_record_or_guild_memory,new device appears with maker unknown,rumor credits patron god or foreigner,record credits creator domain and novelty,annal;guild_memory;scholarly,Knowledge vertical slice.
discovery,knowledge_culture,creator+place,curiosity+;perception+;focus+;courage+;adaptability+,observation;travel;problem,witnesses;patron;students,knowledge_state;reputation;diffusion,0.40,0.90,knowledge_record,public_known,public_record_or_oral,new fact known but discoverer unclear,rumor credits omen traveler or spirit,record credits discoverer place and domain,annal;scholarly;later_reconstruction,Includes medicine navigation and natural knowledge.
legal_precedent,knowledge_culture,judge_or_arbiter+parties+court,civics+;justice+;intellect+;discipline+;patience+,dispute;public_judgment;scribe,court;parties;scribes,knowledge_state;legal_fallout;institution_seed,0.50,0.95,knowledge_record,public_known,court_record,durable rule known but author unclear,rumor debates bias bribery or divine sign,record names judge parties rule and domain,court_record;scholarly;annal,Legal knowledge/culture bridge.
artistic_triumph,knowledge_culture,creator+audience+settlement,creativity+;focus+;wit+;courage+;persuasion+,audience;materials;festival,audience;patron;guild,reputation;institution_seed;prosperity,0.35,0.85,knowledge_record,public_known,public_memory_or_song,work remembered but maker unclear,rumor credits muse patron or foreigner,record names artist work and audience,bardic;annal;guild_memory,Cultural achievement.
famous_performance,knowledge_culture,performer+audience+settlement,creativity+;wit+;courage+;persuasion+;focus+,festival;court;crowd,audience;patron;court,reputation;prosperity;faction_memory,0.30,0.80,knowledge_record,public_known,oral_memory_or_lost,performance remembered but performer unclear,rumor exaggerates omen insult or miracle,record names performer audience and occasion,bardic;annal;court_record,Performance can carry politics.
scholarly_breakthrough,knowledge_culture,creator+settlement,curiosity+;intellect+;focus+;discipline+;perception+,study_time;patron_or_school;records,students;patron;scribes,knowledge_state;institution_seed;reputation,0.50,0.95,knowledge_record,public_known,scholarly_record_or_lost,teaching remembered but scholar unclear,rumor credits stolen text or divine dream,record names scholar problem and conclusion,scholarly;annal;later_reconstruction,Future school/library hooks.
failed_experiment,knowledge_culture,creator+settlement,curiosity+;creativity+;courage+;discipline-;temperance-,novel_attempt;risk;materials,apprentices;neighbors;patron,injury_or_loss;knowledge_state;reputation,0.25,0.75,knowledge_record,rumored,guild_memory_or_lost,accident or loss known but purpose unclear,rumor mocks folly or hidden craft,record names experimenter attempt and lesson,guild_memory;rumor;admin_summary,Failure can still teach.
grudge_formed,private_life,person_a+person_b+context,patience-;temperance-;justice+;empathy-;loyalty-,insult;loss;betrayal,none_or_close_witness,feud_seed;future_risk,0.10,0.55,household_memory,private_known,private_memory_or_lost,tension visible but cause unknown,rumor names insult debt or lover,record names people cause and grievance,household_memory;admin_summary;rumor,Private seed event.
secret_kindness,private_life,benefactor+beneficiary+settlement,empathy+;nurturance+;humility+;justice+;frugality-,need;privacy;relationship,beneficiary;household,obligation;trust;reputation_if_revealed,0.10,0.60,household_memory,private_known,private_or_lost,beneficiary helped by unknown hand,rumor credits saint lover or patron,record names helper beneficiary and gift,household_memory;later_reconstruction;annal,Positive private seed.
blackmail,private_life,actor+target+settlement,honesty-;empathy-;persuasion+;perception+;ambition+,secret;leverage;power_gap,target;confidant,obligation;coerced_patronage;legal_fallout,0.35,0.85,household_secret,private_known,secret_or_rumor,target acts under unknown pressure,rumor names secret holder or scandal,record names blackmailer target secret and demand,household_memory;rumor;sealed_archive,Can drive later public scandal.
rumor,private_life,source+target_or_topic+settlement,persuasion+;wit+;perception+;honesty-;neurochemical+,uncertainty;audience;social_tension,neighbors;market;household,reputation;faction_memory;future_investigation,0.10,0.70,rumor_record,rumored,oral_memory_or_lost,people know only that talk spreads,rumor states claim source and target,later record resolves claim and source,rumor;annal;admin_summary,Generic rumor as first-class event.
hidden_patronage,private_life,patron+recipient+settlement,ambition+;loyalty+;persuasion+;frugality-;empathy+,secret_support;status_gap;future_payoff,recipient;confidant,obligation;career_shift;scandal_if_exposed,0.25,0.80,household_secret,private_known,secret_or_archive,recipient rises with patron unknown,rumor names lover guild or court sponsor,record names patron recipient and support,household_memory;rumor;sealed_archive,Can explain suspicious advancement.
apprenticeship_breakthrough,private_life,apprentice+mentor+settlement,focus+;curiosity+;discipline+;creativity+;patience+,training;mentor_access;craft_problem,mentor;workshop;guild,career_shift;knowledge_state;reputation,0.20,0.70,work_record,private_known,guild_memory_or_lost,new skill appears with origin unclear,rumor credits stolen secret or hidden tutor,record names apprentice mentor and craft,guild_memory;household_memory;annal,Private precursor to knowledge/culture.
mental_collapse,private_life,person+household,neurochemical+;resilience-;discipline-;stress+;empathy-,bereavement;scarcity;status_loss,household;neighbors;healers,job_loss;relationship_strain;hermitage,0.20,0.75,household_memory,private_known,household_memory_or_lost,person withdraws or changes with cause unknown,rumor says curse guilt or madness,record names person stress and consequence,household_memory;rumor;admin_summary,Use carefully without moral determinism.
hermitage,private_life,person+place,resilience+;spirituality+;patience+;empathy-;neurochemical+,grief;religious_pull;social_exit,travelers;household;priests,migration;reputation;cult_seed,0.25,0.80,household_memory,rumored,oral_tradition_or_lost,person vanishes from household,rumor says holy retreat exile or madness,record names hermit place and reason,rumor;temple_chronicle;later_reconstruction,Can be private or religious.
adoption_fostering,private_life,child+guardian+settlement,nurturance+;empathy+;civics+;loyalty+;frugality-,orphan;kinship;political_bond,household;kin;court,lineage_memory;obligation;inheritance_fallout,0.25,0.80,lineage_memory,private_known,lineage_memory_or_court,child raised elsewhere with parentage unclear,rumor claims hidden birth hostage or mercy,record names child guardian and terms,lineage_roll;household_memory;court_record,Private fact with succession impact.
outlaw_case_opened,violent_crime,accused+settlement,justice-;honesty-;empathy-;ambition+;courage+,known_offense;witnesses;authority_pressure,neighbors;victims;court,legal_fallout;outlawry;risk_flight,0.45,0.95,outlaw_record,rumored,court_record_or_rumor,wrongdoing known but accused uncertain,rumor names wanted person offense and protection,record names accused offense and settlement,court_record;rumor;annal,Serious known offenses can open wanted cases.
outlaw_flight,violent_crime,accused+settlement,adaptability+;courage+;discipline-;honesty-,wanted_case;fear_of_punishment,neighbors;kin;travelers,relationship_break;exile;refuge,0.35,0.90,outlaw_record,rumored,rumor_or_lost,person vanishes after trouble,rumor says accused fled justice,record names fugitive and former settlement,rumor;court_record;later_reconstruction,Fleeing cuts normal household and partner contact.
outlaw_refuge_joined,violent_crime,accused+refuge,adaptability+;courage+;empathy-;discipline-,flight;remote_place;criminal_support,travelers;victims;informants,refuge;survival_crime;banding,0.35,0.85,outlaw_record,rumored,oral_memory_or_lost,hidden refuge suspected but people unclear,rumor places fugitive with a band or hideout,record names fugitive refuge and region,rumor;annal;later_reconstruction,Refuge is deliberately outside normal hamlet settlement logic.
outlaw_raid,property_survival_crime,refuge+settlement,justice-;empathy-;courage+;adaptability+,refuge_need;weak_patrol;stored_goods,victims;travelers;guards,property_loss;legal_fallout;fear,0.35,0.85,outlaw_record,rumored,local_memory_or_court,loss blamed on unknown raiders,rumor names outlaws from a hideout,record names refuge target and pressure,rumor;court_record;annal,Outlaw survival crime from refuges.
outlaw_pursuit,political_crime,authority+refuge,civics+;justice+;discipline+;courage+,discovery;wanted_case;local_pressure,guards;informants;neighbors,legal_fallout;capture_or_death;refuge_discovery,0.45,0.95,outlaw_record,public_known,court_or_office_record,pursuit occurs but target unclear,rumor names refuge accused or bribe,record names pursuit refuge and accused,court_record;annal;rumor,Forces are marshalled once a refuge is discovered.
outlaw_captured,political_crime,accused+authority,discipline+;courage+;civics+;justice+,pursuit;known_case;failed_escape,guards;court;crowd,custody;punishment;stigma,0.50,0.95,outlaw_record,public_known,court_record,captive known but offense blurred,rumor debates punishment fairness or payment,record names captured outlaw custody and case,court_record;annal;later_reconstruction,Nonlethal capture opens durable custody or imprisonment state.
outlaw_killed,violent_crime,accused+authority,courage+;discipline-;justice-;empathy-,pursuit;violent_resistance;severe_case,guards;travelers;court,death;legal_fallout;refuge_abandonment,0.55,0.98,outlaw_record,public_known,court_or_oral_record,death known but details unclear,rumor says outlaw died resisting or was executed,record names killed outlaw and pursuit,court_record;annal;rumor,Severe pursuit can end in death.
outlaw_bought_off,political_crime,accused+patron+authority,wealth;prestige;patronage;persuasion+,wanted_case;status_or_payment;soft_authority,court;creditors;retainers,legal_fallout;reputation;obligation,0.35,0.90,outlaw_record,rumored,rumor_or_sealed_record,case fades with reason unclear,rumor says money office or patron buried trouble,record names accused buyoff and limits,rumor;sealed_archive;court_record,Prestige and prosperity can soften trouble within limits.
outlaw_returned,violent_crime,accused+settlement,adaptability+;resilience+;patience+,case_resolved;years_absent;settlement_tolerance,neighbors;kin;court,return;stigma;job_loss,0.30,0.80,outlaw_record,rumored,local_memory_or_lost,absent person reappears,rumor says old case ended or was paid away,record names returnee case and settlement,rumor;annal;court_record,Former fugitives may return with stigma.
outlaw_forgotten,violent_crime,accused+settlement,patience+;adaptability+;social_standing+,years_passed;low_knownness;weakened_authority,neighbors;kin;travelers,return;faded_record;stigma,0.20,0.70,outlaw_record,rumored,oral_memory_or_lost,old trouble no longer pursued,rumor says memory faded or witnesses died,record names faded case and return,court_record;rumor;later_reconstruction,Wanted pressure can fade over years.
city_state_urban_consolidation,civic_politics,polity+settlement,civics+;ambition+;discipline+,urban_growth;public_order,council;temple;market,reputation;institution;public_record,0.35,0.80,city_chronicle,public_known,city_record_or_annal,city recorded but cause unclear,rumor credits ruler council temple or merchants,record names city polity and civic change,annal;court_record;temple_chronicle,Generic city-state foundation pattern.
city_state_public_works,civic_politics,polity+settlement,civics+;discipline+;generosity+,surplus;urban_need;civic_project,council;workers;temple;market,institution;reputation;prosperity,0.35,0.85,city_chronicle,public_known,city_record_or_dedication,work appears with sponsor unclear,rumor credits ruler guild temple or levy,record names project sponsor and settlement,annal;inscription;court_record,Generic city-state public works pattern.
city_state_resource_dispute,civic_politics,polity+polity+region,justice-;ambition+;courage+,shared_route;scarcity;boundary_pressure,council;market;guards,faction_memory;legal_fallout;stability,0.35,0.85,city_chronicle,rumored,rumor_or_city_record,dispute known but rival unclear,rumor names route fields stores or insult,record names rival cities and resource,annal;market_rumor;court_record,Generic city rivalry and resource dispute pattern.
city_state_league_formed,civic_politics,polity+polity+region,civics+;loyalty+;prudence+,shared_threat;trade_route;mutual_interest,council;envoys;market,alliance;faction_memory;public_record,0.40,0.90,city_chronicle,public_known,league_record_or_annal,league exists but terms unclear,rumor debates tribute trade or defense,record names member cities and purpose,annal;treaty;court_record,Generic city league formation pattern.
city_state_hegemony_declared,civic_politics,polity+league,ambition+;civics+;assertiveness+,league;dominant_city;uneven_power,council;envoys;subject_cities,faction_memory;reputation;alliance,0.45,0.95,city_chronicle,public_known,league_record_or_annal,leadership clear but terms uncertain,rumor debates consent tribute or coercion,record names hegemon city and league,annal;treaty;court_record,Generic league hegemony pattern.
city_state_colony_status_changed,civic_politics,polity+settlement,adaptability+;ambition+;civics+,commercial_outpost;mother_city;trade_route,merchants;envoys;settlers,colonial_status;faction_memory;public_record,0.35,0.85,city_chronicle,public_known,colonial_record_or_annal,status changes but reason unclear,rumor cites profit tribute distance or rebellion,record names outpost mother city and new status,annal;merchant_record;treaty,Generic city colony lifecycle pattern.
city_state_autonomy_changed,civic_politics,polity+parent,civics+;courage+;prudence+,empire_pressure;vassalage;tribute_change,court;council;envoys,autonomy_status;faction_memory;public_record,0.40,0.90,city_chronicle,public_known,city_record_or_court_record,autonomy changed but cause unclear,rumor cites empire tribute league or revolt,record names old and new autonomy state,annal;court_record;treaty,Generic city autonomy under empire pressure pattern.
city_state_civic_crisis,civic_politics,polity+settlement,temperance-;justice-;resilience-,scarcity;instability;faction_tension,council;market;households,faction_memory;legal_fallout;stability,0.35,0.90,city_chronicle,rumored,rumor_or_city_record,crisis visible but faction unclear,rumor blames debt famine faction or corrupt office,record names city crisis and pressure,annal;rumor;court_record,Generic urban civic crisis pattern.
city_state_civic_reform,civic_politics,polity+settlement,civics+;discipline+;justice+,prior_crisis;office_pressure;public_order,council;court;temple,legal_fallout;institution;faction_memory,0.35,0.85,city_chronicle,public_known,city_record_or_law_code,reform known but sponsor unclear,rumor credits council ruler temple or crowd,record names reform crisis and settlement,annal;law_code;court_record,Generic civic reform response pattern.
