trait,deviation_band,descriptor,status_tendency,leader_quality,leader_tendency,prehistoric_jobs,prehistoric_premium_jobs,bronze_age_jobs,bronze_age_premium_jobs,iron_age_jobs,iron_age_premium_jobs,medieval_jobs,medieval_premium_jobs,modern_jobs,modern_premium_jobs,society_need,selfish_desperate,strong_pairings,role_cluster,overlap_notes,design_notes
physical,deficient,frailty,low,moderate,low,hearth tender; bead stringer; child watcher; tool sorter; camp cook; gatherer near camp,band champion,textile worker; granary helper; temple cleaner; water carrier; brick carrier; scribe assistant,royal workshop specialist,household servant; temple attendant; clerk assistant; market helper; village smith helper; workshop assistant,siege craft specialist,copyist assistant; chapel attendant; kitchen hand; spinner; brewery assistant; light craft worker,guild peak master,help desk support; data-entry clerk; lab assistant; receptionist; shift supervisor; remote support worker,prize-winning specialist,0.55,0.65,patience; discipline; empathy; focus,sheltered support and fine routine,Repeats support roles used by low-stamina but steady personalities.,Useful for characters who can still contribute when physical output is capped.
physical,optimal,peak fitness,middle-high,strong,high,band defender; hunter; fisher; runner; river gatherer; shelter builder,vision quest guide,dock worker; soldier; farmer; mason; irrigation trench digger; caravan guard,temple astronomer,road builder; legionary [M]; athlete; sailor; road repair crew; blacksmith striker,arena choreographer,soldier; mason; teamster; mill worker,cathedral clock specialist; longbowman [M]; firefighter-equivalent,firefighter; soldier; athlete; trainer; EMT; field technician; construction worker,venture-scale architect,1.00,0.35,courage; resilience; discipline; assertiveness,labor defense and high-output service,"Fighter, firefighter, athlete, and leader should also appear under courage/resilience/discipline.","Peak fitness is a gateway trait, not a whole vocation by itself."
physical,excess,hypermetabolic,volatile,moderate,low,famine-risk hunter; danger scout; messenger; raider; bone tool maker; persistence runner,rare-tool specialist,courier; chariot runner; mine runner; caravan outrider; dock porter,master chariot mechanic; shock infantry [M],skirmisher; messenger; scout; mill assistant,famous duel referee; gladiator [M]; galley rower [M],courier; raider; siege runner; scout; parish laborer,master siege engineer; duelist,bike courier; elite athlete; emergency responder; stunt performer; clinic aide,elite crisis negotiator; expedition guide,0.75,0.70,courage; adaptability; resilience; focus,burst-performance risk and speed,"Courier, scout, and responder overlap with courage/adaptability/resilience.",Good for jobs where speed beats longevity; bad for steady administration.
intellect,deficient,cognitive deficiency,low,poor,low,simple herder; berry picker; camp sweeper; wood hauler; hide preparer; firewood carrier,band champion,grain porter; canal digger; stable hand; field hand; kiln assistant; mud-brick laborer,royal workshop specialist,baggage carrier; quarry laborer; farmhand; rower; ferry hand; road crew laborer,siege craft specialist,muck worker; field hand; scullion; porter; town crier assistant; basic infantry levy,guild peak master,groundskeeping assistant; warehouse picker; stockroom helper; janitorial aide; dispatch coordinator; repetitive assembly worker,prize-winning specialist,0.70,0.75,physical; patience; loyalty,supervised routine labor,"Routine jobs recur with patience, loyalty, and frailty when supervision matters.","Keep this humane: low intellect limits role complexity, not social worth."
intellect,optimal,peak intellect,high,strong,medium,fire specialist; strategist; toolmaker; healer; camp cook; seasonal planner,vision quest guide,astronomer-priest; accountant; architect; scribe; brick carrier; irrigation planner,temple astronomer,philosopher; physician; engineer; jurist; village smith helper; military strategist,arena choreographer,legal clerk; physician; architect; scholar; brewery assistant; master artisan,cathedral clock specialist,software engineer; analyst; physician; scientist; professor; shift supervisor,venture-scale architect; systems architect,1.00,0.25,curiosity; discipline; focus; creativity; perception,technical planning knowledge and systems,"Scientist, physician, engineer, analyst, and scholar intentionally repeat under curiosity/focus/discipline.",This is one of the main intersection traits for expert jobs.
intellect,excess,cognitive instability,volatile-high,moderate,medium,visionary toolmaker; omen interpreter; eccentric healer; strategist; river gatherer,rare-tool specialist; obsessive planner,radical inventor; architect; irrigation trench digger,master chariot mechanic; obsessive scribe; court astrologer; alchemist-priest,eccentric philosopher; paranoid strategist; engineer; cult theorist; road repair crew; experimental physician,famous duel referee,heretical scholar; eccentric inventor; court advisor; theologian; mill worker,master siege engineer; alchemist,disruptive researcher; experimental artist; field technician,elite crisis negotiator; mad-scientist archetype; conspiracy analyst; volatile founder,0.65,0.55,curiosity; creativity; focus; neurochemical volatility,brilliant but unstable specialization,"Researcher, inventor, founder, and artist also belong under creativity/curiosity when excess creates breakthrough risk.",Good source of innovation and disaster. Excellent goblin lever.
symmetry,deficient,left asymmetry,low,poor,medium,overlooked scout; hide scraper; night watch; trapper; bone tool maker; masked ritual helper,band champion,tannery worker; field laborer; mine worker; dock hand; dock porter; back-room artisan,royal workshop specialist,anonymous messenger; scribe assistant; foundry worker; grave tender; mill assistant; camp follower support,siege craft specialist,masked performer; cloister worker; gong farmer; tanner; parish laborer; executioner assistant,guild peak master,remote specialist; character actor; lab technician; voice worker; clinic aide; back-office analyst,prize-winning specialist,0.45,0.50,resilience; humility; focus; intellect,unfavored appearance and outsider presentation,Back-office specialist and overlooked scout can repeat under focus/resilience/perception.,Do not make asymmetry equal incompetence; make it affect social presentation and status bias.
symmetry,optimal,peak symmetry,high,strong,high,ceremonial figure; storyteller; dancer; hide preparer; diplomat-by-marriage,vision quest guide,temple performer; court attendant; diplomat; kiln assistant; public ritual figure,temple astronomer,actor; ambassador; public speaker; ferry hand,arena choreographer; courtesan-adjacent entertainer [F],court performer; herald; diplomat; town crier assistant,cathedral clock specialist; fashion model-equivalent,influencer; media host; diplomat; actor; model; dispatch coordinator; spokesperson,venture-scale architect,0.70,0.35,persuasion; friendliness; wit; ambition,beauty charisma and public presentation,"Actor, diplomat, spokesperson, host, and leader repeat wherever social presence matters.","Symmetry is beauty/presentation, not moral quality."
symmetry,excess,right asymmetry,low,poor,medium,shamanic figure; masked dancer; feared envoy; omen bearer; camp cook; taboo-marked scout,rare-tool specialist,exotic performer; feared guard; ritual specialist; court figure; brick carrier,master chariot mechanic; oracle attendant,spy; cult icon; village smith helper; prophetic figure,famous duel referee; gladiator-persona; shock entertainer,mystic; spy; brewery assistant,master siege engineer; jester; masked inquisitor; monster-hunter persona,avant-garde performer; horror actor; special-effects model; activist icon; shift supervisor,elite crisis negotiator; shock influencer; brand mascot,0.35,0.55,creativity; persuasion; courage; civics,unfavored appearance and outsider presentation,"Performer, spy, influencer, and activist roles repeat under creativity/persuasion/civics.","Excess beauty/asymmetry can be magnetism, stigma, or both depending on culture."
mating drive,deficient,absent mating drive,low-variable,moderate,low,archivist of memory; solitary trapper; hermit gatherer; ritual celibate; river gatherer; child-free craft specialist,band champion,warehouse keeper; temple celibate; night watch; scribe; irrigation trench digger; dedicated artisan,royal workshop specialist,solitary scout; philosopher; archivist; guardian; road repair crew; monk-like ascetic,siege craft specialist,scholar; copyist; hermit; monk; nun [F]; mill worker; celibate physician,guild peak master,research scientist; archivist; night-shift technician; software engineer; caretaker without family tie; field technician,prize-winning specialist; monk/nun-equivalent,0.50,0.25,discipline; focus; intellect; humility,low courtship low lineage pressure,"Scientist, scholar, archivist, and technician repeat under focus/intellect/discipline.","This trait is about drive and family orientation, not identity."
mating drive,optimal,reproductive mating drive,middle-high,moderate,medium,adoption broker; matchmaker; camp host; parent; bone tool maker; kin-network builder,vision quest guide,midwife assistant; marriage broker; estate steward; clan diplomat; dock porter; household manager,temple astronomer,household head; family farmer; guild member; matchmaker; mill assistant; clan representative,arena choreographer,village elder; guild master; householder; matchmaker; parish laborer; estate steward,cathedral clock specialist,family counselor; pediatric worker; HR generalist; teacher; clinic aide; community organizer,venture-scale architect,0.80,0.25,friendliness; nurturance; loyalty; generosity,family formation alliance and continuity,"Teacher, counselor, organizer, and leader repeat with empathy/nurturance/friendliness.","Useful where kinship, household continuity, and alliance building matter."
mating drive,excess,compulsive mating drive,volatile,poor,high,matchmaker; rivalry trigger; camp flirt; seducer; hide preparer; charismatic performer,rare-tool specialist,court entertainer; diplomat; tavern host; guard; kiln assistant,master chariot mechanic; fertility cult figure,soldier-of-fortune; charismatic actor; tavern worker; rumor broker; ferry hand; courtier,famous duel referee,tavern keeper; troubadour; courtier; rake; town crier assistant; envoy,master siege engineer,influencer; dating coach; scandal-prone politician; entertainer; dispatch coordinator,elite crisis negotiator; nightlife promoter; celebrity,0.25,0.75,symmetry; persuasion; wit; neurochemical volatility,romance scandal and social distraction,"Entertainer, influencer, politician, and courtier repeat with beauty/persuasion/wit.","High social power, high chaos. Keep it PG enough for general gameplay."
neurochemical,deficient,emotionally suppressed,middle-variable,strong,medium,corpse handler; night watch; stoic guard; trapper; camp cook; execution helper,band champion,tax collector; record keeper; prison guard; executioner; brick carrier; temple mortuary worker,royal workshop specialist,debt collector; stoic soldier; executioner; jailer; village smith helper; surgeon assistant,siege craft specialist,executioner; mortuary worker; prison guard; tax assessor; brewery assistant,guild peak master; inquisitor clerk,forensic technician; compliance officer; claims adjuster; mortician; auditor; shift supervisor; cybersecurity analyst,prize-winning specialist,0.70,0.45,discipline; honesty; focus; resilience,low affect endurance and detachment,"Auditor, compliance officer, analyst, and mortician repeat under discipline/focus/honesty.",Can be socially cold but useful in emotionally hard work.
neurochemical,optimal,emotionally stable,high,strong,medium,steady hunter; camp judge; mediator; healer; river gatherer; crisis leader,vision quest guide,physician; midwife [F]; priest; judge; irrigation trench digger; caravan master,temple astronomer,physician; diplomat; officer; teacher; road repair crew; magistrate,arena choreographer,physician; judge; mayor; guild master; mill worker,cathedral clock specialist; abbess/abbot-equivalent leader,physician; therapist; executive; teacher; judge; field technician; emergency manager,venture-scale architect,1.00,0.15,justice; empathy; discipline; resilience; patience,calm judgment under pressure,"Physician, judge, teacher, therapist, and leader repeat across justice/empathy/discipline.",One of the cleanest traits for stable leadership.
neurochemical,excess,emotionally volatile,volatile,poor,high,war chanter; ecstatic dancer; feud starter; bone tool maker; spirit medium,rare-tool specialist; berserker,lament singer; ecstatic priest; dock porter,master chariot mechanic; oracle; shock troop; palace intriguer,tragic actor; riot leader; mill assistant; prophet,famous duel referee; demagogue; gladiator [M],firebrand preacher; court intriguer; rebel; parish laborer,master siege engineer; duelist; plague prophet,performer; activist; crisis broadcaster; emergency responder; clinic aide,elite crisis negotiator; volatile founder; demagogue,0.45,0.70,creativity; persuasion; courage; civics,high affect intensity and reactivity,"Performer, activist, founder, and demagogue repeat under creativity/persuasion/civics.",Great for drama systems; unstable in long bureaucratic roles.
courage,deficient,coward,low-middle,poor,low,stores keeper; camp cleaner; alarm caller; gatherer; hide preparer; lookout from safe ridge,band champion,market stall helper; temple servant; granary clerk; stable hand; kiln assistant; city-wall supply worker,royal workshop specialist,toll booth worker; sheltered artisan; baggage handler; clerk; ferry hand; quartermaster aide,siege craft specialist,kitchen worker; tax clerk; scribe; porter; town crier assistant; monastery worker,guild peak master,insurance processor; data-entry worker; safety inspector; records clerk; dispatch coordinator; remote support worker,prize-winning specialist,0.50,0.55,patience; frugality; discipline,risk avoidance and survival preservation,Clerk and safety roles also fit low risk tolerance plus discipline.,Cowardice is bad for combat but can be good for cautious compliance.
courage,optimal,courageous,high,strong,high,band defender; hunter; scout; camp cook; rescue swimmer,vision quest guide,fire crew; explorer; soldier; brick carrier; caravan guard,temple astronomer,officer; scout; physician in crisis; village smith helper,arena choreographer; firefighter-equivalent,constable; explorer; plague physician; brewery assistant,cathedral clock specialist; knight-equivalent soldier,police officer; firefighter; soldier; founder; EMT; shift supervisor; investigative journalist,venture-scale architect,1.00,0.25,physical; justice; resilience; assertiveness,controlled risk and protection,"Firefighter, soldier, scout, EMT, journalist, founder, and leader repeat with physical/resilience/justice.",Courage should pair with restraint; otherwise it becomes recklessness.
courage,excess,reckless,volatile,poor,medium,raider; hunter; cliff scout; feud champion; river gatherer,rare-tool specialist; berserker,mercenary; brawler; explorer; irrigation trench digger,master chariot mechanic; shock infantry [M]; chariot daredevil,skirmisher; commander; road repair crew,famous duel referee; gladiator [M]; duelist; pirate,mercenary; raider; mill worker,master siege engineer; duelist; tournament fighter; crusader-equivalent,stunt performer; extreme athlete; mercenary; day trader; field technician,elite crisis negotiator; founder; storm chaser,0.50,0.80,physical; neurochemical volatility; ambition; assertiveness,danger seeking and thrill,"Extreme athlete, mercenary, founder, and storm chaser overlap with physical/ambition/adaptability.","High reward, high body count. Spreadsheet says: yikes."
temperance,deficient,indulgent,volatile-low,moderate,medium,feast organizer; camp comedian; gambler; brewer; bone tool maker; gatherer,band champion,luxury servant; tavern keeper; gambler; brewer; dock porter; bathhouse worker,royal workshop specialist,entertainer; innkeeper; gambler; cook; mill assistant; wine merchant,siege craft specialist,feast steward; minstrel; gambler; cook; parish laborer; tavern keeper,guild peak master,bartender; chef; entertainer; casino worker; food critic; clinic aide,prize-winning specialist; nightlife promoter,0.45,0.70,wit; friendliness; creativity; mating drive,pleasure seeking and appetite,"Chef, entertainer, bartender, and nightlife work overlap with wit/friendliness/creativity.",Can be productive in hospitality; risky in trust roles.
temperance,optimal,wisdom,high,strong,medium,mediator; healer; elder; hide preparer; council speaker,vision quest guide,steward; teacher; priest; judge; kiln assistant; diplomat,temple astronomer,philosopher; magistrate; physician; ferry hand; military advisor,arena choreographer,judge; scholar; guild master; physician; town crier assistant,cathedral clock specialist; abbott/abbess-equivalent leader,therapist; executive; physician; teacher; judge; dispatch coordinator; policy advisor,venture-scale architect,0.90,0.15,neurochemical stability; justice; humility; patience,balanced judgment and restraint,"Judge, therapist, physician, teacher, advisor, and leader repeat across many optimal civic traits.",This row is intentionally broad: wisdom is a meta-qualification.
temperance,excess,inhibited,middle-variable,moderate,medium,taboo keeper; stores guard; rule watcher; ascetic; camp cook; ritual fasting specialist,rare-tool specialist,ration clerk; prison guard; accountant; censor; brick carrier; temple ascetic,master chariot mechanic,quartermaster; tax assessor; prison guard; censor; village smith helper; stoic philosopher,famous duel referee,monk; censor; tax collector; austere treasurer; brewery assistant,master siege engineer; inquisitor clerk,compliance officer; auditor; risk manager; policy reviewer; shift supervisor,elite crisis negotiator; monk/nun-equivalent,0.55,0.40,discipline; frugality; honesty; civics-authoritarian,overcontrol and austerity,"Auditor, compliance, censor, and risk roles repeat with discipline/frugality/civics.",Good for conserving systems; bad for creativity and morale.
patience,deficient,impulsive,volatile,poor,high,camp gambler; messenger; forager; raider; river gatherer; young hunter,band champion,dock brawler; market crier; skirmisher; courier; irrigation trench digger; street vendor,royal workshop specialist,performer; messenger; peddler; gambler; road repair crew; skirmisher,siege craft specialist,messenger; peddler; tavern worker; apprentice troublemaker; mill worker,guild peak master; duelist,emergency responder; startup founder; day trader; sales rep; performer; field technician; social media creator,prize-winning specialist,0.50,0.65,courage; wit; creativity; adaptability,fast action poor delay,"Founder, performer, sales, and responder recur with courage/creativity/adaptability.",Impulsivity can make action happen before the committee finds the committee room.
patience,optimal,patient,high,strong,medium,basket maker; storyteller; tracker; healer; bone tool maker; child watcher,vision quest guide,teacher; midwife [F]; scribe; potter; dock porter; irrigation maintainer,temple astronomer,physician; teacher; farmer; judge; mill assistant; craft master,arena choreographer,physician; teacher; judge; monk; parish laborer; master artisan,cathedral clock specialist,project manager; therapist; scientist; teacher; nurse; clinic aide; software engineer,venture-scale architect,0.85,0.20,discipline; empathy; focus; nurturance,deliberate craft care and teaching,"Teacher, therapist, nurse, scientist, engineer, and leader repeat with discipline/focus/empathy.",One of the strongest traits for mentorship and long-cycle work.
patience,excess,passive,low-middle,poor,low,ritual observer; stores keeper; herd watcher; camp sitter; hide preparer; passive gatherer,rare-tool specialist,granary watcher; low-level clerk; warehouse guard; herder; kiln assistant; temple attendant,master chariot mechanic,stable watcher; gate guard; toll clerk; copyist; ferry hand; passive tenant farmer,famous duel referee,gatekeeper; field hand; watchman; copyist; town crier assistant; monastery lay worker,master siege engineer,night security guard; archive assistant; records clerk; QA tester; dispatch coordinator; waiting-room attendant,elite crisis negotiator,0.45,0.45,loyalty; modesty; focus,over-waiting and low initiative,"Guard, copyist, records, QA, and archive roles overlap with loyalty/focus/modesty.",Can be stable but may need direction.
wit,deficient,boorish,low-variable,moderate,medium,camp laborer; hide scraper; gravedigger; woodcutter; camp cook; simple guard,band champion,dock laborer; stable hand; field hand; soldier; brick carrier; quarry worker,royal workshop specialist,prison guard; infantryman; porter; tanner; village smith helper; rough merchant guard,siege craft specialist,teamster; butcher; miller; guard; brewery assistant; field laborer,guild peak master,warehouse worker; security guard; line cook; bouncer; shift supervisor; maintenance worker,prize-winning specialist,0.35,0.40,physical; loyalty; assertiveness,low social cleverness and blunt humor,"Guard, laborer, butcher, and bouncer overlap with physical/assertiveness.",Boorish does not mean stupid; it means poor finesse.
wit,optimal,witty,high,moderate,medium,storyteller; mediator; teacher; river gatherer; ritual speaker,vision quest guide,diplomat; herald; scribe; priest; irrigation trench digger; market seller,temple astronomer,diplomat; teacher; lawyer; actor; road repair crew; philosopher,arena choreographer,lawyer; teacher; diplomat; preacher; mill worker,cathedral clock specialist; jester,marketer; diplomat; teacher; writer; lawyer; field technician; comedian,venture-scale architect,0.70,0.25,persuasion; friendliness; intellect; creativity,social intelligence humor and quick framing,"Teacher, lawyer, diplomat, writer, marketer, comedian, and leader repeat with persuasion/creativity.","Wit is a high-leverage social trait, not just jokes."
wit,excess,buffoon,volatile,poor,low,messenger; camp mascot; chaos bard; prankster; bone tool maker; clownish storyteller,rare-tool specialist,tavern performer; festival fool; comic servant; gossip; dock porter; herald,master chariot mechanic,gossip broker; comic actor; satirist; agitator; mill assistant; street performer,famous duel referee,satirist; tavern fool; traveling performer; herald; parish laborer,master siege engineer; jester,comedian; influencer; satirical pundit; chaotic salesperson; clinic aide,elite crisis negotiator; shock jock; meme creator,0.25,0.65,creativity; neurochemical volatility; symmetry; persuasion,attention-seeking unseriousness,"Comedian, influencer, satirist, and pundit overlap with creativity/persuasion/civics.",High entertainment value; low institutional trust unless paired with discipline.
friendliness,deficient,cantankerous,low-variable,moderate,medium,boundary guard; tool repairer; night watch; bone picker; hide preparer; solitary trapper,band champion,toll collector; prison guard; border guard; tax helper; kiln assistant; warehouse keeper,royal workshop specialist,quarry foreman; customs guard; tax assessor; jailer; ferry hand; debt collector,siege craft specialist,reeve assistant; tax collector; gatekeeper; gaoler; town crier assistant; stern guild inspector,guild peak master,parking enforcement; collections agent; quality inspector; auditor; dispatch coordinator; cybersecurity analyst,prize-winning specialist,0.30,0.55,honesty; discipline; focus; neurochemical suppression,low warmth and friction,"Auditor, inspector, guard, and analyst recur when social warmth is optional.",Bad for hospitality; useful for unpopular enforcement work.
friendliness,optimal,friendly,high,poor,medium,mediator; teacher; trader; healer; camp cook; camp host,vision quest guide,merchant; diplomat; midwife [F]; priest; brick carrier; innkeeper,temple astronomer,recruiter; merchant; diplomat; teacher; village smith helper; physician,arena choreographer,parish worker; innkeeper; physician; teacher; brewery assistant; guild recruiter,cathedral clock specialist,recruiter; therapist; sales rep; teacher; nurse; shift supervisor; customer success rep,venture-scale architect,0.80,0.20,empathy; persuasion; nurturance; generosity,trust building service and cooperation,"Teacher, nurse, recruiter, therapist, salesperson, and leader repeat with empathy/persuasion/nurturance.",Friendly characters are social glue and good front doors.
friendliness,excess,obsequious,volatile-low,poor,low,eager messenger; submissive aide; camp servant; flatterer; river gatherer; alliance hanger-on,rare-tool specialist,sycophant scribe; client retainer; court servant; palace aide; irrigation trench digger; temple attendant,master chariot mechanic,flattery poet; courtier; informer; aide; road repair crew; client-patron broker,famous duel referee,minor clerk; flatterer; courtier; valet; mill worker; patronage broker,master siege engineer,influencer assistant; executive assistant; political staffer; lobbyist aide; field technician; luxury sales associate,elite crisis negotiator,0.45,0.60,loyalty-excess; modesty-excess; persuasion,people-pleasing and status seeking,"Assistant, aide, courtier, and staffer recur with sycophant loyalty/modesty.",Can climb near power but rarely holds it safely.
modesty,deficient,shameless,volatile,strong,high,braggart hunter; boastful challenger; seducer; raider; bone tool maker,band champion; camp celebrity,performer; market huckster; faction leader; court climber; dock porter; self-promoting warrior,royal workshop specialist,huckster; populist agitator; court climber; mill assistant,siege craft specialist; demagogue; gladiator [M],charlatan; court climber; loud preacher; tournament braggart; parish laborer,guild peak master; prophet,influencer; scam marketer; clinic aide,prize-winning specialist; demagogue; celebrity entrepreneur; shock comedian,0.30,0.85,ambition; persuasion; symmetry; neurochemical volatility,status hunger without restraint,"Influencer, demagogue, huckster, performer, and founder recur with ambition/persuasion.","High visibility, low shame filter."
modesty,optimal,modest,high,strong,medium,craft master; mediator; healer; hide preparer; elder assistant,vision quest guide,steward; teacher; scribe; judge; kiln assistant; physician,temple astronomer,engineer; teacher; officer; judge; ferry hand; physician,arena choreographer,guild master; physician; scholar; judge; town crier assistant; master artisan,cathedral clock specialist,civil servant; physician; scientist; engineer; teacher; dispatch coordinator; project manager,venture-scale architect,0.90,0.15,humility; discipline; honesty; patience,credible service without ego inflation,"Physician, teacher, engineer, scientist, civil servant, and leader recur with humility/discipline/honesty.",A quiet competence trait.
modesty,excess,shy,low-middle,poor,low,child watcher; craft helper; quiet healer; gatherer; camp cook; stores keeper,rare-tool specialist,scribe assistant; temple attendant; weaver; potter; brick carrier; household servant,master chariot mechanic,stable worker; archivist; copyist; artisan; village smith helper; herbalist assistant,famous duel referee,seamstress/tailor; cloister worker; copyist; clerk; brewery assistant; assistant apothecary,master siege engineer,lab technician; data analyst; illustrator; archivist; librarian; shift supervisor; back-office developer,elite crisis negotiator,0.65,0.45,focus; intellect; patience; humility,low visibility and avoidance of display,"Archivist, analyst, technician, developer, and librarian recur with focus/intellect/patience.",Great for invisible excellence; weak for public-facing roles without compensation traits.
ambition,deficient,sloth,low,poor,low,passive gatherer; dependent helper; errand avoider; camp loafer; river gatherer; low-output herder,band champion,temple hanger-on; menial laborer; casual porter; idle servant; irrigation trench digger; low-output field hand,royal workshop specialist,tavern hanger-on; low-rank porter; casual laborer; beggar; road repair crew; farmhand,siege craft specialist,casual field hand; tavern hanger-on; servant; vagrant; mill worker; apprentice,guild peak master,gig drifter; underemployed assistant; low-output clerk; churn-prone temp; field technician,prize-winning specialist; couch-surfer archetype,0.20,0.55,patience-excess; temperance-deficient,low drive and low advancement,Low-drive roles intentionally overlap with passive/indulgent traits.,Do not overuse as comic relief; it can also represent lack of opportunity.
ambition,optimal,ambitious,high,strong,high,craft founder; hunt captain; raid planner; bone tool maker; trade path opener,vision quest guide,administrator; architect; merchant; officer; dock porter; caravan master,temple astronomer,merchant; officer; lawyer; engineer; founder; mill assistant,arena choreographer; governor-equivalent leader,merchant; officer; builder; lawyer; parish laborer; guild master,cathedral clock specialist,entrepreneur; politician; executive; surgeon; lawyer; clinic aide; product manager,venture-scale architect,0.90,0.25,discipline; persuasion; intellect; courage,goal pursuit and advancement,"Founder, merchant, officer, lawyer, executive, politician, and leader recur with persuasion/discipline/courage.",Ambition chooses harder ladders when paired with ability.
ambition,excess,ruthless,volatile-high,strong,high,raider chief; power broker; exile maker; hide preparer; resource hoarder,rare-tool specialist,tax farmer; kiln assistant,master chariot mechanic; warlord; palace intriguer; slaver-equivalent oppressor,tyrant leader; cutthroat merchant; political schemer; general; ferry hand,famous duel referee; warlord,official; town crier assistant,master siege engineer; inquisitor; mercenary captain; robber baron-equivalent,politician; dispatch coordinator,elite crisis negotiator; cartel boss; corporate raider; founder; authoritarian leader,0.35,0.90,persuasion; assertiveness; civics-authoritarian; low empathy,win-at-all-costs domination,"Leader and founder recur, but excess ambition makes them system threats.",Use for antagonists or high-risk power players.
frugality,deficient,wasteful,volatile-low,moderate,medium,prestige hunter; gift scatterer; feast giver; gambler; camp cook; stores keeper,band champion,feast steward; court spender; luxury buyer; gambler; brick carrier; careless treasurer,royal workshop specialist,merchant; feast sponsor; gambler; patron; village smith helper; inefficient quartermaster,siege craft specialist,wasteful steward; feast host; gambler; patron; brewery assistant; bankrupt minor leader,guild peak master,luxury influencer; high-burn founder; event promoter; gambler; shift supervisor; spender-politician,prize-winning specialist,0.20,0.75,generosity-excess; temperance-deficient; ambition,resource leakage and extravagance,"Promoter, patron, gambler, and founder recur with generosity/temperance/ambition.",Can buy loyalty briefly; economics eventually sends the invoice.
frugality,optimal,frugal,high,moderate,medium,stores keeper; tool repairer; ration elder; river gatherer; winter planner,vision quest guide,quartermaster; accountant; merchant; steward; irrigation trench digger; granary manager,temple astronomer,quartermaster; tax assessor; accountant; merchant; road repair crew; estate manager,arena choreographer,quartermaster; treasurer; merchant; steward; mill worker; guild accountant,cathedral clock specialist,supply-chain manager; operations manager; accountant; CFO; field technician; sustainability analyst,venture-scale architect,1.00,0.20,discipline; temperance; honesty; patience,resource management and sustainability,"Accountant, quartermaster, merchant, operations, CFO, and leader repeat with discipline/honesty.","Frugality is critical in famine, war, and startups with twenty dollars and a dream."
frugality,excess,miserly,middle-low,moderate,medium,ration blocker; winter tyrant; loan refuser; hoarder; bone tool maker; stores keeper,rare-tool specialist,treasurer; ration clerk; moneylender; tax farmer; dock porter; merchant,master chariot mechanic,merchant; landlord; tax assessor; usurer; mill assistant; quartermaster,famous duel referee,tax collector; steward; landlord; usurer; parish laborer; hoarding guild treasurer,master siege engineer,landlord; cost-cutter; budget hawk; CFO; clinic aide; lender,elite crisis negotiator,0.45,0.85,temperance-excess; discipline; civics-authoritarian,hoarding and anti-investment,"Treasurer, lender, tax collector, and CFO recur, but excess turns stewardship into strangulation.","Good for preservation, terrible for growth and morale."
persuasion,deficient,unconvincing,low-variable,poor,low,tool carrier; basic herder; shy helper; gatherer; hide preparer; silent laborer,band champion,warehouse worker; workshop helper; field hand; porter; kiln assistant; scribe assistant,royal workshop specialist,farmhand; copyist; porter; rower; ferry hand; silent artisan,siege craft specialist,quiet artisan; stable hand; field hand; copyist; town crier assistant; kitchen worker,guild peak master,warehouse worker; lab technician; records clerk; coder; dispatch coordinator; back-office analyst,prize-winning specialist,0.55,0.55,focus; modesty-excess; intellect,low influence and poor advocacy,"Back-office analyst, coder, technician, and clerk recur where persuasion is optional.",Low persuasion can still pair with high intellect or focus for technical work.
persuasion,optimal,persuasive,high,strong,high,storyteller; mediator; trader; camp cook; alliance broker,vision quest guide,recruiter; merchant; diplomat; priest; brick carrier; judge advocate,temple astronomer,merchant; teacher; officer; lawyer; village smith helper; diplomat,arena choreographer,preacher; diplomat; teacher; lawyer; brewery assistant; guild negotiator,cathedral clock specialist,salesperson; marketer; diplomat; teacher; lawyer; shift supervisor; product manager,venture-scale architect,0.90,0.30,wit; friendliness; ambition; justice,ethical influence negotiation and teaching,"Lawyer, teacher, diplomat, salesperson, marketer, product manager, and leader recur with wit/friendliness/ambition.",Persuasion should repeat anywhere social conversion matters.
persuasion,excess,manipulative,volatile-high,strong,high,mediator; cult starter; rumor broker; seducer; river gatherer; faction splitter,rare-tool specialist,tax manipulator; priest; spy handler; huckster; irrigation trench digger; court intriguer,master chariot mechanic,con artist; spy handler; lawyer; propaganda maker; road repair crew,famous duel referee; demagogue,court schemer; charlatan; preacher; diplomat; mill worker,master siege engineer; inquisitor,political operative; scammer; propaganda strategist; lobbyist; field technician,elite crisis negotiator; cult leader; dark-pattern marketer,0.25,0.95,ambition-excess; honesty-deficient; civics-authoritarian,coercive influence and deception,"Demagogue, operative, scammer, propagandist, and lobbyist recur with civics/ambition/honesty extremes.","High agency, high social damage."
curiosity,deficient,dogmatic,middle-variable,strong,high,old-path tracker; tradition guard; ritual enforcer; taboo keeper; bone tool maker; clan conservative,band champion,temple guard; law repeater; border guard; censor; dock porter; ritual scribe,royal workshop specialist,censor; orthodox priest; legal formalist; tradition teacher; mill assistant,siege craft specialist; inquisitor aide,censor; rigid theologian; guild rule keeper; tradition teacher; parish laborer,guild peak master; inquisitor,compliance officer; standards enforcer; rigid bureaucrat; censor; clinic aide; ideological moderator,prize-winning specialist,0.55,0.60,civics-authoritarian; discipline; loyalty,closed worldview and doctrine enforcement,"Compliance, censor, moderator, and standards roles recur with discipline/civics.",Dogma is useful for preserving standards but bad for discovery.
curiosity,optimal,curious,high,moderate,medium,toolmaker; explorer; tracker; healer; hide preparer; sky watcher,vision quest guide,trader-explorer; physician; engineer; scribe; kiln assistant; astronomer-priest,temple astronomer,physician; engineer; spy; historian; ferry hand,arena choreographer; scientist-equivalent natural philosopher,physician; explorer; inventor; scholar; town crier assistant; cartographer,cathedral clock specialist,software engineer; UX researcher; scientist; physician; historian; dispatch coordinator; investigative journalist,venture-scale architect,0.95,0.20,intellect; perception; creativity; discipline,discovery learning and investigation,"Scientist, physician, engineer, journalist, historian, and leader intentionally repeat with intellect/focus/perception.","Curiosity should absolutely share scientist with intellect. This was the user’s point, and it is correct."
curiosity,excess,distracted,volatile,poor,low,gadget tinkerer; restless scout; rumor chaser; wanderer; camp cook; half-trained healer,rare-tool specialist,wandering scribe; novelty merchant; restless trader; omen collector; brick carrier; failed apprentice,master chariot mechanic,gossip collector; spy; failed scholar; tinkerer; village smith helper; traveling philosopher,famous duel referee,wandering scholar; troubadour; failed apprentice; curiosity merchant; brewery assistant,master siege engineer; alchemist,trend analyst; prototype hacker; unfocused researcher; shift supervisor,elite crisis negotiator; startup hopper; podcaster; travel creator,0.45,0.55,creativity; adaptability; neurochemical volatility,novelty chasing and low completion,"Hacker, researcher, creator, and traveler recur with creativity/adaptability but need focus to finish.",Great idea generator; terrible backlog janitor.
justice,deficient,criminal,volatile-low,moderate,high,oath breaker; raider; bandit; thief; river gatherer; resource stealer,band champion,guard; grave robber; smuggler; bandit; irrigation trench digger; merchant,royal workshop specialist,bandit; official; thief; extortionist; road repair crew,siege craft specialist; pirate,highwayman; smuggler; poacher; outlaw; mill worker; bailiff,guild peak master,organized criminal; official; cybercriminal; fraudster; field technician; salesperson,prize-winning specialist,0.05,1.00,persuasion-excess; ambition-excess; low empathy,lawbreaking exploitation and predation,"Criminal, official, fraudster, and smuggler recur with low honesty/empathy.",Useful for underworld job trees and antagonists.
justice,optimal,just,high,strong,high,oath keeper; camp judge; mediator; bone tool maker; dispute elder,vision quest guide,law scribe; steward; judge; dock porter; temple arbitrator,temple astronomer,judge; lawyer; magistrate; officer; mill assistant,arena choreographer; ombudsman-equivalent,sheriff; lawyer; judge; mayor; parish laborer; guild arbiter,cathedral clock specialist,compliance lead; mediator; lawyer; judge; clinic aide; civil-rights advocate,venture-scale architect,1.00,0.10,temperance; honesty; empathy; civics,fairness law and trusted arbitration,"Judge, lawyer, mediator, compliance, advocate, and leader recur with honesty/civics/empathy.",Justice is the central trait for legitimate authority.
justice,excess,zealot,volatile-high,strong,high,taboo punisher; exile advocate; purity hunter; feud judge; hide preparer; vengeance speaker,rare-tool specialist,judge; moral police; temple enforcer; purge leader; kiln assistant,master chariot mechanic; inquisitorial priest,zealot officer; censor; prosecutor; rebel purifier; ferry hand,famous duel referee; inquisitor,censor; magistrate; town crier assistant,master siege engineer; inquisitor; witch-hunter archetype; crusader-equivalent,ideological activist; punitive prosecutor; extremist moderator; purity campaigner; dispatch coordinator; internal-affairs hardliner,elite crisis negotiator,0.35,0.75,civics-authoritarian; dogmatic curiosity; temperance-excess,punitive absolutism and purity enforcement,"Censor, prosecutor, moderator, and activist recur with civics and dogma.",Good antagonist trait; can also be tragic hero machinery.
humility,deficient,vain,volatile,moderate,medium,attention seeker; boastful hunter; status dancer; rival maker; camp cook; decorated warrior,band champion,boastful officer; court performer; luxury merchant; palace climber; brick carrier; public ritual figure,royal workshop specialist,courtier; actor; vain philosopher; village smith helper,siege craft specialist; gladiator [M]; demagogue,courtier; herald; vain preacher; patronage climber; brewery assistant,guild peak master; tournament fighter,influencer; executive; politician; actor; brand founder; shift supervisor,prize-winning specialist; celebrity,0.30,0.85,symmetry; ambition; persuasion; modesty-deficient,ego display and reputation obsession,"Celebrity, influencer, politician, actor, and founder recur with symmetry/persuasion/ambition.",Can motivate excellence but corrupts feedback loops.
humility,optimal,humble,high,strong,medium,teacher; healer; elder; river gatherer; mediator,vision quest guide,teacher; steward; priest; judge; irrigation trench digger; physician,temple astronomer,engineer; teacher; officer; judge; road repair crew; physician,arena choreographer,teacher; physician; guild master; judge; mill worker,cathedral clock specialist; abbot/abbess-equivalent leader,servant leader; physician; therapist; engineer; teacher; field technician; nonprofit director,venture-scale architect,0.95,0.10,modesty; empathy; justice; discipline,service leadership and teachability,"Teacher, physician, engineer, therapist, nonprofit director, and leader recur with modesty/empathy/justice.",Humble leader should be rare and powerful.
humility,excess,recluse,low-middle,poor,medium,cave painter; quiet healer; trapper; hermit; bone tool maker; solitary gatherer,rare-tool specialist,remote shepherd; hermit priest; night watch; scribe; dock porter; secluded artisan,master chariot mechanic,solitary guard; remote healer; archivist; copyist; mill assistant; philosopher hermit,famous duel referee,forest warden; copyist; hermit; monk; parish laborer; secluded scholar,master siege engineer,night-shift technician; remote developer; hermit writer; archivist; artist; clinic aide; independent researcher,elite crisis negotiator,0.50,0.45,focus; intellect; creativity; mating-drive-deficient,withdrawal and low status engagement,"Researcher, artist, writer, developer, and archivist recur with focus/intellect/creativity.","Good for specialist work; poor for office politics, which is humanity’s least fun minigame."
generosity,deficient,envious,volatile-low,moderate,low,sabotage helper; rival gatherer; hoarder; gossip; hide preparer; resentful hunter,band champion,faction hanger-on; jealous artisan; petty courtier; informer; kiln assistant; hoarding merchant,royal workshop specialist,court intriguer; rival merchant; informant; saboteur; ferry hand; resentful soldier,siege craft specialist,court intriguer; guild rival; informer; poacher; town crier assistant; jealous apprentice,guild peak master,competitor; hostile influencer; office saboteur; troll; dispatch coordinator; exploitative coworker,prize-winning specialist,0.10,0.80,ambition-excess; frugality-excess; low empathy,resentment and zero-sum rivalry,"Intriguer, informant, competitor, and saboteur recur with low empathy/ambition excess.",Useful for rivalry systems.
generosity,optimal,generous,high,moderate,medium,gift giver; camp host; healer; camp cook; child watcher,vision quest guide,midwife [F]; steward; patron; priest; brick carrier; merchant host,temple astronomer,physician; diplomat; teacher; patron; village smith helper; charity steward,arena choreographer,parish worker; hospitaler; teacher; patron; brewery assistant; guild sponsor,cathedral clock specialist,nonprofit director; philanthropist; social worker; teacher; nurse; shift supervisor; community organizer,venture-scale architect,0.85,0.15,empathy; nurturance; friendliness; frugality-optimal,reciprocity patronage and care,"Nurse, teacher, social worker, nonprofit director, organizer, and leader recur with empathy/nurturance.",Generosity plus frugality is sustainable aid; without frugality it becomes bonfire economics.
generosity,excess,extravagant,volatile,moderate,high,lavish feast host; prestige spender; feast chief; debt maker; river gatherer; gift giver,rare-tool specialist,courtier; lavish patron; feast sponsor; temple donor; irrigation trench digger; festival organizer,master chariot mechanic,patron; feast sponsor; magistrate; merchant; road repair crew,famous duel referee; celebrity athlete-equivalent,patron; tournament sponsor; feast steward; guild master; mill worker,master siege engineer; lavish lord-equivalent leader,high-burn founder; event producer; influencer; political donor; luxury promoter; field technician,elite crisis negotiator; celebrity philanthropist,0.35,0.65,frugality-deficient; symmetry; ambition; persuasion,overgiving spectacle and patronage burn,"Patron, influencer, founder, donor, and event producer recur with ambition/persuasion/frugality extremes.","Can create loyalty fast, then insolvency faster."
empathy,deficient,callous,volatile-middle,strong,high,exile enforcer; hard trader; butcher; raider; bone tool maker; execution helper,band champion,tax collector; guard; executioner; mine overseer; dock porter,royal workshop specialist; slave-market-equivalent oppressor,executioner; jailer; officer; debt collector; mill assistant,siege craft specialist; gladiator trainer [M],executioner; bailiff; prison keeper; parish laborer,guild peak master; inquisitor; mercenary captain,collections agent; manager; prison guard; interrogator; clinic aide; corporate downsizer,prize-winning specialist,0.45,0.85,ambition-excess; neurochemical suppression; justice-deficient,low concern and instrumental people use,"Executioner, jailer, downsizer, and interrogator recur with emotional suppression and authoritarian civics.",This can be useful in harsh systems but should carry social costs.
empathy,optimal,empathic,high,strong,medium,child watcher; mediator; healer; hide preparer; elder caregiver,vision quest guide,diplomat; midwife [F]; teacher; priest; kiln assistant; physician,temple astronomer,mediator; advocate; diplomat; teacher; ferry hand; physician,arena choreographer,physician; confessor; teacher; mediator; town crier assistant,cathedral clock specialist; nurse-equivalent,therapist; physician; mediator; teacher; nurse; dispatch coordinator; UX researcher,venture-scale architect,1.00,0.10,nurturance; friendliness; justice; neurochemical stability,care understanding and trust repair,"Therapist, nurse, physician, teacher, UX researcher, mediator, and leader repeat with nurturance/friendliness/justice.","Empathy belongs in medicine, teaching, design, diplomacy, and leadership."
empathy,excess,overidentification,volatile,poor,low,grief singer; overprotective caregiver; rescue volunteer; conflict sponge; camp cook; spirit medium,rare-tool specialist,lament priestess/priest; overinvolved midwife [F]; charity worker; palace confidant; brick carrier,master chariot mechanic; oracle,religious ecstatic; martyr caregiver; tragic actor; advocate; village smith helper; overinvolved physician,famous duel referee,confessor; plague caregiver; reform preacher; overinvolved teacher; brewery assistant,master siege engineer; martyr nurse-equivalent,crisis counselor; activist; social worker; trauma responder; overinvolved therapist; shift supervisor,elite crisis negotiator; fandom organizer,0.70,0.55,neurochemical volatility; nurturance-excess; generosity-excess,blurred boundaries and emotional flooding,"Activist, counselor, social worker, responder, and therapist recur with generosity/nurturance.",Powerful for care work but burnout-prone.
discipline,deficient,negligent,low-variable,poor,low,gatherer; sloppy tool helper; camp drifter; lazy scout; river gatherer; careless fire keeper,band champion,missed-watch guard; low-level servant; careless porter; sloppy brewer; irrigation trench digger; apprentice,royal workshop specialist,messenger; careless soldier; sloppy artisan; failed scribe; road repair crew; negligent stable hand,siege craft specialist,clerk; negligent guard; sloppy cook; steward; mill worker; failed apprentice,guild peak master,churn-prone temp; burnout dropout; failed intern; sloppy clerk; field technician; gig worker,prize-winning specialist,0.20,0.70,curiosity-excess; temperance-deficient; ambition-deficient,low follow-through and maintenance failure,Unreliable roles overlap with distracted curiosity and sloth.,A negative modifier for almost every complex job.
discipline,optimal,disciplined,high,strong,medium,stores keeper; craft master; healer; bone tool maker; master hunter,vision quest guide,physician; soldier; scribe; mason; dock porter; accountant,temple astronomer,engineer; soldier; scholar; judge; mill assistant; physician,arena choreographer,master artisan; monk; physician; accountant; parish laborer,cathedral clock specialist; knight-equivalent soldier,project manager; accountant; scientist; surgeon; athlete; clinic aide; software engineer,venture-scale architect,1.00,0.15,focus; patience; frugality; intellect,reliable execution and mastery,"Surgeon, scientist, engineer, accountant, athlete, project manager, and leader repeat with focus/intellect/patience.",Discipline is the multiplier trait for most expert careers.
discipline,excess,compulsive,middle-high but brittle,poor,low,ritual keeper; perfectionist tracker; stores checker; taboo enforcer; hide preparer,rare-tool specialist; obsessive toolmaker,ritual scribe; quartermaster; temple rule keeper; censor; kiln assistant,master chariot mechanic; obsessive accountant,censor; officer; bureaucrat; law formalist; ferry hand,famous duel referee; obsessive engineer,guild master; tax auditor; monastic disciplinarian; town crier assistant,master siege engineer; inquisitor clerk; obsessive copyist,compliance officer; QA lead; micromanager; process engineer; risk officer; dispatch coordinator,elite crisis negotiator; obsessive auditor,0.70,0.45,temperance-excess; focus-excess; civics-authoritarian,overcontrol ritual and rigidity,"Auditor, QA, compliance, engineer, and risk roles recur with focus/temperance/civics.",Excellent at catching errors; may become the error everyone else must route around.
adaptability,deficient,rigid,middle-variable,strong,high,tradition keeper; ritual assistant; old-path tracker; stores guard; camp cook; fixed-route herder,band champion,temple rule keeper; guild apprentice; border guard; tax clerk; brick carrier; fixed-route caravan worker,royal workshop specialist,legal formalist; quartermaster; bureaucrat; censor; village smith helper; traditional artisan,siege craft specialist,tradition teacher; monastic worker; copyist; clerk; brewery assistant; guild rule keeper,guild peak master,standards coordinator; compliance officer; policy clerk; bureaucrat; shift supervisor; legacy systems maintainer,prize-winning specialist,0.65,0.45,discipline; dogmatic curiosity; civics-authoritarian,inflexible procedure and tradition,"Compliance, bureaucrat, clerk, and standards roles recur with discipline/civics.",Rigidity is bad in chaos but useful where variance kills.
adaptability,optimal,adaptive,high,strong,high,tool improviser; trader; healer; scout; river gatherer; migration planner,vision quest guide,crisis steward; merchant; diplomat; engineer; irrigation trench digger; caravan master,temple astronomer,engineer; merchant; officer; spy; road repair crew; physician,arena choreographer,explorer; diplomat; merchant; mayor; mill worker; military engineer,cathedral clock specialist,software engineer; product manager; entrepreneur; consultant; diplomat; field technician; emergency manager,venture-scale architect,0.95,0.25,curiosity; resilience; intellect; courage,flexible problem solving and cross-role skill,"Consultant, product manager, engineer, diplomat, entrepreneur, and leader recur with intellect/curiosity/courage.",Adaptability is the trait for changing maps and ugly edge cases.
adaptability,excess,indecisive,low-variable,poor,low,trader; restless scout; route changer; wanderer; bone tool maker; half-trained healer,rare-tool specialist,failed apprentice; scribe; itinerant worker; camp follower; dock porter; wandering merchant,master chariot mechanic,restless sailor; spy; failed officer; peddler; mill assistant; wandering scholar,famous duel referee,itinerant merchant; courier; failed apprentice; hedge scholar; parish laborer; wandering minstrel,master siege engineer,freelancer; consultant without focus; trend chaser; unfocused creator; clinic aide,elite crisis negotiator; career hopper; startup hopper,0.45,0.65,curiosity-excess; creativity; low focus,too many options and shifting priorities,"Freelancer, consultant, creator, and career hopper recur with creativity/curiosity but need focus.","High optionality, low closure."
resilience,deficient,fragile,low-variable,poor,low,light gatherer; child watcher; camp helper; bead worker; hide preparer; sheltered storyteller,band champion,scribe assistant; textile worker; temple cleaner; light potter; kiln assistant; household servant,royal workshop specialist,temple attendant; light artisan; market helper; copyist; ferry hand; household servant,siege craft specialist,seamstress/tailor; cloister worker; kitchen helper; copyist; town crier assistant; infirmary assistant,guild peak master,library assistant; data-entry clerk; lab assistant; receptionist; dispatch coordinator; remote support worker,prize-winning specialist,0.60,0.60,patience; modesty; focus,low stress tolerance and injury sensitivity,Light support roles repeat with frailty and shyness.,Fragility should not bar expertise if intellect/focus are high.
resilience,optimal,resilient,high,strong,medium,band defender; hunter; healer; scout; camp cook; migration leader,vision quest guide,soldier; midwife [F]; farmer; miner; brick carrier; caravan master,temple astronomer,soldier; physician; sailor; judge; village smith helper,arena choreographer; firefighter-equivalent,magistrate; soldier; farmer; sailor; brewery assistant; plague physician,cathedral clock specialist,firefighter; physician; therapist; soldier; EMT; shift supervisor; entrepreneur,venture-scale architect,1.00,0.20,physical; courage; neurochemical stability; discipline,stress recovery and endurance,"Firefighter, EMT, physician, therapist, soldier, entrepreneur, and leader recur with courage/discipline.","Resilience keeps good traits functioning under weather, war, and meetings."
resilience,excess,desensitized,middle-high but cold,moderate,medium,corpse handler; danger scout; hunter; raider; river gatherer; execution helper,rare-tool specialist,mine overseer; prison guard; executioner; soldier; irrigation trench digger; caravan guard,master chariot mechanic,executioner; jailer; hardened soldier; debt collector; road repair crew,famous duel referee; gladiator trainer [M],executioner; mercenary; prison keeper; battlefield surgeon; mill worker,master siege engineer; inquisitor guard,disaster worker; trauma surgeon; combat medic; prison guard; interrogator; field technician; crisis responder,elite crisis negotiator,0.65,0.75,empathy-deficient; neurochemical suppression; courage,hardness and reduced sensitivity,"Crisis responder, surgeon, guard, and interrogator recur with courage/neurochemical suppression.",Very effective in terrible places; can become emotionally expensive.
focus,deficient,scatterbrained,low-variable,poor,low,storyteller; camp helper; prankster; gatherer; bone tool maker; errand runner,band champion,casual porter; tavern worker; failed scribe; market crier; dock porter; festival helper,royal workshop specialist,street performer; peddler; courier; gossip; mill assistant; failed apprentice,siege craft specialist,odd-job laborer; tavern worker; messenger; minstrel; parish laborer; failed apprentice,guild peak master,generalist assistant; junior sales rep; receptionist; gig worker; clinic aide; social media creator,prize-winning specialist,0.45,0.55,wit; curiosity-excess; adaptability-excess,attention diffusion and low task retention,"Creator, sales, courier, messenger, and assistant recur with impulsive/distracted traits.",Can be charming but needs structure.
focus,optimal,focused,high,strong,medium,toolmaker; tracker; healer; hide preparer; map-memory keeper,vision quest guide,accountant; physician; engineer; scribe; kiln assistant; astronomer-priest,temple astronomer,engineer; scholar; judge; spy; ferry hand; physician,arena choreographer,physician; architect; copyist; scholar; town crier assistant; master artisan,cathedral clock specialist,software engineer; scientist; surgeon; analyst; writer; dispatch coordinator; cybersecurity analyst,venture-scale architect,1.00,0.20,intellect; discipline; patience; perception,deep work craft and expertise,"Scientist, surgeon, analyst, engineer, writer, and leader recur with intellect/discipline/curiosity.",Focus turns ability into finished output.
focus,excess,fixated,volatile-high,strong,high,single-prey hunter; ritual monomaniac; isolated toolmaker; feud pursuer; camp cook,rare-tool specialist; obsessive tracker,siege engineer; court schemer; craft obsessive; brick carrier,master chariot mechanic; obsessive scribe; fanatical priest,spy; zealot prosecutor; revenge officer; village smith helper,famous duel referee; obsessive engineer; alchemist,master artisan; siege engineer; brewery assistant,master siege engineer; inquisitor; obsessive scholar; vendetta knight-equivalent,research scientist; cybersecurity analyst; specialist surgeon; shift supervisor,elite crisis negotiator; quant trader; obsessive founder; conspiracy investigator,0.75,0.55,discipline-excess; curiosity; justice-excess,tunnel vision and obsession,"Researcher, analyst, founder, surgeon, engineer, and investigator recur with discipline/curiosity/justice.",Can produce genius or a very expensive hole in the floor.
honesty,deficient,deceitful,volatile-low,moderate,medium,rumor broker; healer; oath breaker; thief; river gatherer; ambush planner,band champion,priest; huckster; smuggler; spy; irrigation trench digger; scribe,royal workshop specialist,official; propagandist; con artist; spy; road repair crew; merchant,siege craft specialist,preacher; charlatan; smuggler; spy; mill worker; bailiff,guild peak master,scammer; official; disinformation operator; fraud analyst gone bad; field technician,prize-winning specialist; dark-pattern marketer,0.10,0.95,persuasion-excess; justice-deficient; ambition-excess,lying concealment and fraud,"Spy, scammer, official, huckster, and propagandist recur with persuasion/justice extremes.",Useful for espionage; toxic for trust economies.
honesty,optimal,truthful,high,moderate,medium,oath keeper; mediator; witness; bone tool maker; stores keeper,vision quest guide,steward; scribe; priest; judge; dock porter; accountant,temple astronomer,historian; officer; lawyer; judge; mill assistant; accountant,arena choreographer,accountant; chronicler; notary; judge; parish laborer; guild treasurer,cathedral clock specialist,journalist; accountant; scientist; auditor; judge; clinic aide; compliance lead,venture-scale architect,1.00,0.10,justice; humility; discipline; civics,trusted records testimony and accountability,"Auditor, journalist, accountant, compliance, judge, scientist, and leader recur with justice/discipline/intellect.","Honesty is infrastructure. Boring until it vanishes, then everyone screams."
honesty,excess,tactless,middle-variable,moderate,medium,direct healer; feud witness; blunt elder; scout; hide preparer; rude toolmaker,rare-tool specialist,rigid teacher; blunt scribe; tax assessor; judge; kiln assistant; military trainer,master chariot mechanic,military officer; physician; prosecutor; critic; ferry hand; blunt philosopher,famous duel referee,guild inspector; teacher; prosecutor; preacher; town crier assistant; military trainer,master siege engineer,blunt consultant; code reviewer; prosecutor; auditor; critic; dispatch coordinator; investigative journalist,elite crisis negotiator,0.65,0.55,justice; low friendliness; discipline,truth without timing or softness,"Critic, prosecutor, auditor, journalist, code reviewer, and consultant recur with justice/focus.",Tactless is useful when truth matters more than comfort; combustible in diplomacy.
creativity,deficient,unimaginative,middle-low,poor,low,routine gatherer; tradition helper; firewood carrier; basic guard; camp cook; fixed-pattern weaver,band champion,brick maker; field hand; clerk; guard; brick carrier; standard potter,royal workshop specialist,infantryman; bureaucrat; toll clerk; copyist; village smith helper; routine artisan,siege craft specialist,field hand; copyist; guard; clerk; brewery assistant; routine guild worker,guild peak master,data-entry clerk; compliance clerk; assembly worker; basic analyst; shift supervisor; routine QA tester,prize-winning specialist,0.65,0.45,discipline; rigidity; dogma,conventional repetition and low invention,"Clerk, guard, copyist, QA, and routine analyst recur with discipline/rigidity.",Useful for stable repetition but not innovation.
creativity,optimal,creative,high,moderate,low,problem solver; storyteller; toolmaker; artist; river gatherer; ritual designer,vision quest guide,architect; musician; inventor; artisan; irrigation trench digger; temple designer,temple astronomer,strategist; engineer; inventor; poet; road repair crew; playwright,arena choreographer,architect; composer; inventor; artist; mill worker; master artisan,cathedral clock specialist,entrepreneur; scientist; designer; engineer; artist; writer; field technician; game designer,venture-scale architect,0.90,0.25,intellect; curiosity; focus; wit,invention art and synthesis,"Scientist, engineer, writer, designer, artist, entrepreneur, and leader recur with intellect/curiosity/wit.",Creativity should share scientist when the science requires model-building or invention.
creativity,excess,delusion,volatile,poor,medium,visionary shaman; strange artist; omen obsessive; inventor; bone tool maker,rare-tool specialist; prophet,bizarre architect; ecstatic performer; dock porter,master chariot mechanic; oracle; cult founder; alchemist-priest,mad inventor; tragic playwright; mill assistant; prophet,famous duel referee; alchemist; cult leader,heretical artist; eccentric inventor; mystic; parish laborer,master siege engineer; alchemist; prophet,experimental artist; outsider scientist; surrealist writer; clinic aide,elite crisis negotiator; conspiracy influencer; cult leader; founder,0.45,0.60,intellect-excess; neurochemical volatility; persuasion-excess,fantasy confusion and unstable vision,"Artist, founder, cult leader, outsider scientist, and writer recur with intellect/neurochemical/persuasion excess.",Can produce genius or nonsense; often both before lunch.
assertiveness,deficient,submissive,low-variable,poor,low,child watcher; camp aide; gatherer; helper; hide preparer; servant-like retainer,band champion,temple attendant; scribe assistant; palace aide; field hand; kiln assistant; household servant,royal workshop specialist,stable hand; servant; rower; aide; ferry hand; assistant artisan,siege craft specialist,kitchen worker; field hand; servant; valet; town crier assistant; clerk assistant,guild peak master,retail associate; junior analyst; support rep; care aide; dispatch coordinator; administrative assistant,prize-winning specialist,0.60,0.65,friendliness-excess; loyalty-excess; modesty-excess,low agency and deference,"Assistant, servant, support, aide, and junior roles recur with obsequious/sycophant patterns.",Can be stable if paired with skill and safe supervisors.
assertiveness,optimal,assertive,high,strong,high,mediator; defender; trader; camp cook; hunt captain,vision quest guide,caravan master; merchant; officer; foreman; brick carrier; judge advocate,temple astronomer,officer; lawyer; merchant; physician advocate; village smith helper,arena choreographer; governor-equivalent leader,sheriff; captain; lawyer; mayor; brewery assistant; guild master,cathedral clock specialist,physician advocate; entrepreneur; negotiator; manager; lawyer; shift supervisor; union representative,venture-scale architect,0.95,0.25,courage; persuasion; ambition; justice,clear agency command and advocacy,"Lawyer, manager, entrepreneur, negotiator, advocate, union rep, and leader recur with courage/persuasion/ambition.",Assertiveness helps convert internal traits into external action.
assertiveness,excess,brutal,volatile-high,strong,high,war chief; enforcer; raider; bully; river gatherer; feud starter,rare-tool specialist,guard; mine overseer; irrigation trench digger; shock commander,master chariot mechanic; warlord; slave-driver-equivalent oppressor,tyrant leader; officer; enforcer; extortionist; road repair crew,famous duel referee; gladiator trainer [M],sheriff; guild master; robber leader; mill worker,master siege engineer; mercenary captain; inquisitor guard,manager; enforcer; police officer; field technician,elite crisis negotiator; authoritarian leader; negotiator; warlord archetype,0.35,0.90,ambition-excess; low empathy; civics-authoritarian,dominating force and intimidation,"Enforcer, brutal leader, manager, and officer roles recur with ambition/civics/low empathy.",High command power; high revolt risk.
loyalty,deficient,disloyal,volatile-low,poor,low,resource thief; rumor broker; rival helper; bandit; bone tool maker; turncoat scout,band champion,guard; deserter; smuggler; spy; dock porter; palace informer,royal workshop specialist,official; informant; deserter; spy; mill assistant; mercenary turncoat,siege craft specialist,double agent; deserter; traitor; spy; parish laborer; bailiff,guild peak master,political turncoat; corporate mole; insider threat; scam partner; clinic aide; mercenary consultant,prize-winning specialist,0.10,0.90,honesty-deficient; ambition-excess; adaptability-excess,betrayal low attachment and opportunism,"Spy, informer, turncoat, mole, and insider threat recur with dishonesty/ambition.",Great for intrigue; awful for team cohesion.
loyalty,optimal,commitment,high,strong,high,stores keeper; child watcher; oath keeper; hide preparer; kinsman defender,vision quest guide,guild member; steward; soldier; guard; kiln assistant; temple servant,temple astronomer,judge aide; soldier; officer; steward; ferry hand; physician retainer,arena choreographer,guild master; retainer; steward; soldier; town crier assistant; household manager,cathedral clock specialist,civil servant; team lead; teacher; soldier; nurse; dispatch coordinator; operations manager,venture-scale architect,0.95,0.15,discipline; justice; friendliness; nurturance,reliable affiliation and stewardship,"Operations manager, civil servant, nurse, teacher, soldier, and leader recur with discipline/justice/nurturance.",Commitment is the trait for trusted institutions.
loyalty,excess,sycophant,volatile-low,poor,low,chief flatterer; faction hanger-on; eager servant; informer; camp cook,rare-tool specialist; oath zealot,cult follower; faction clerk; palace aide; courtier; brick carrier; loyalist guard,master chariot mechanic,loyalist officer; client retainer; courtier; informer; village smith helper; faction propagandist,famous duel referee,courtier; flatterer; retainer; faction clerk; brewery assistant,master siege engineer; inquisitor aide,political staffer; executive assistant; loyalist pundit; cult member; brand evangelist; shift supervisor,elite crisis negotiator; fandom organizer,0.50,0.65,friendliness-excess; modesty-excess; civics-authoritarian,blind attachment and factional dependence,"Staffer, assistant, courtier, propagandist, and evangelist recur with obsequious/civics traits.",Useful near power but prone to bad causes.
nurturance,deficient,neglectful,low-variable,moderate,low,careless animal keeper; child watcher; hunter; raider; river gatherer; neglectful stores helper,band champion,neglectful steward; careless servant; low-grade guard; herder; irrigation trench digger; midwife assistant,royal workshop specialist,household manager; exploitative landlord; rough soldier; guard; road repair crew; negligent physician assistant,siege craft specialist,neglectful steward; master; poorhouse abuser; rough guard; mill worker,guild peak master; nurse-equivalent,exploitative landlord; customer support; negligent caregiver; manager; field technician; churn-prone supervisor,prize-winning specialist,0.15,0.80,empathy-deficient; discipline-deficient; callousness,low care maintenance and poor stewardship,Bad manager/caregiver/landlord repeats with low empathy and negligence.,Useful as a negative flag for roles involving dependents.
nurturance,optimal,nurturing,high,moderate,medium,animal tender; teacher; parent; healer; bone tool maker; child watcher,vision quest guide,animal keeper; physician; midwife [F]; teacher; dock porter; household manager,temple astronomer,physician; teacher; mentor; steward; mill assistant,arena choreographer; nurse-equivalent,midwife [F]; teacher; physician; foster parent; parish laborer,cathedral clock specialist; nurse-equivalent,physician; therapist; teacher; manager; nurse; clinic aide; social worker,venture-scale architect,1.00,0.10,empathy; patience; generosity; friendliness,care growth teaching and protection,"Nurse, teacher, physician, therapist, social worker, manager, and leader recur with empathy/patience/generosity.","Nurturance is the care-and-development trait, not only parenting."
nurturance,excess,smothering,volatile,poor,low,child monopolizer; clan gatekeeper; anxious healer; rescue blocker; hide preparer; overprotective parent,rare-tool specialist,overbearing midwife [F]; temple caretaker; anxious steward; palace nurse; kiln assistant; controlling household manager,master chariot mechanic,controlling mentor; smothering teacher; household tyrant; moral guardian; ferry hand; overprotective physician,famous duel referee,overbearing parent; moral guardian; meddling steward; town crier assistant,master siege engineer; controlling abbess/abbot-equivalent leader; anxious nurse-equivalent,micromanaging manager; overinvolved therapist; anxious teacher; controlling caregiver; dispatch coordinator,elite crisis negotiator; helicopter parent archetype,0.40,0.70,empathy-excess; discipline-excess; loyalty-excess,overprotection and control through care,"Teacher, therapist, caregiver, manager, and steward recur with empathy/discipline excess.",Care becomes control; excellent drama hook.
perception,deficient,oblivious,low-variable,poor,low,supervised herder; simple gatherer; camp cleaner; child helper; camp cook; low-risk craft worker,band champion,temple cleaner; stable hand; field hand; porter; brick carrier; workshop helper,royal workshop specialist,simple soldier; farmhand; porter; rower; village smith helper; kitchen worker,siege craft specialist,stable hand; field hand; scullion; porter; brewery assistant; basic infantry levy,guild peak master,simple data-entry clerk; stockroom helper; janitorial aide; grounds worker; shift supervisor; repetitive assembly worker,prize-winning specialist,0.65,0.70,intellect-deficient; discipline; physical,low situational awareness,Simple labor roles recur with low intellect/focus/awareness.,"Bad for scouting, law, medicine, and management."
perception,optimal,perceptive,high,strong,high,tracker; healer; scout; river gatherer; judge of disputes,vision quest guide,scribe; trader; scout; judge; irrigation trench digger; physician,temple astronomer,physician; engineer; judge; spy; road repair crew; investigator,arena choreographer,investigator; physician; scout; judge; mill worker; master artisan,cathedral clock specialist,UX researcher; detective; physician; scientist; analyst; field technician; cybersecurity analyst,venture-scale architect,1.00,0.20,curiosity; intellect; empathy; focus,observation diagnosis and pattern detection,"Scientist, physician, analyst, detective, UX researcher, and cybersecurity analyst repeat with curiosity/focus/intellect.",Perception is the intake trait for knowledge work and field work.
perception,excess,hypervigilant,volatile-middle,strong,high,ambush spotter; trap checker; feud watcher; night watch; bone tool maker; paranoid scout,rare-tool specialist,temple security; palace guard; border scout; spy; dock porter; treasurer,master chariot mechanic,paranoid officer; guard captain; investigator; spy; mill assistant; informant handler,famous duel referee,spy; night watch; border warden; magistrate; parish laborer,master siege engineer; inquisitor,security analyst; threat intelligence analyst; auditor; investigative journalist; anxious manager; clinic aide,elite crisis negotiator; conspiracy investigator,0.80,0.65,resilience; focus-excess; justice-excess,threat scanning and suspicion,"Security analyst, auditor, journalist, investigator, and spy recur with focus/justice/honesty.",Great early-warning radar; can turn every toaster into a plot.
civics,deficient,authoritarian,volatile-high,strong,high,taboo enforcer; ration tyrant; exile maker; war chief; hide preparer; strongman leader,band champion,palace guard commander; censor; tax enforcer; kiln assistant,royal workshop specialist; warlord; authoritarian leader,tyrant leader; censor; governor; military officer; ferry hand,siege craft specialist; secret police-equivalent,sheriff; censor; authoritarian mayor; town crier assistant,guild peak master; inquisitor; warlord-equivalent leader,censor; hardline prosecutor; surveillance manager; coercive executive; dispatch coordinator,prize-winning specialist; authoritarian leader,0.35,0.90,assertiveness-excess; justice-excess; dogma; low empathy,order through coercion and hierarchy,"Censor, prosecutor, hardline leader, officer, and surveillance roles recur with zealotry/assertiveness.",Deficient side because it undermines civic reciprocity despite creating order.
civics,optimal,civil,high,strong,high,council speaker; dispute elder; mediator; camp cook; shared-store steward,vision quest guide,city planner; diplomat; steward; judge; brick carrier; administrator,temple astronomer,magistrate; lawyer; civil engineer; diplomat; village smith helper,arena choreographer; governor-equivalent leader,town planner; diplomat; mayor; judge; brewery assistant; guild arbiter,cathedral clock specialist,nonprofit director; civil engineer; policy analyst; city planner; mediator; shift supervisor; public administrator,venture-scale architect,1.00,0.10,justice; honesty; humility; temperance,public order reciprocity and institution building,"Administrator, city planner, mediator, civil engineer, policy analyst, nonprofit director, and leader repeat with justice/honesty.","The civic ideal row: legitimacy, not mere authority."
civics,excess,subversive,volatile,strong,high,new-ritual founder; taboo breaker; exile leader; rebel; river gatherer; dissent storyteller,rare-tool specialist,reform priest; smuggler; agitator; rebel; irrigation trench digger; heretic inventor,master chariot mechanic,revolutionary; satirist; reformer; spy; road repair crew; heretic philosopher,famous duel referee,reform preacher; peasant leader; heretic; rebel; mill worker; underground printer,master siege engineer,activist; investigative journalist; hacker; union organizer; field technician,elite crisis negotiator; whistleblower; disruptive founder,0.50,0.75,curiosity; creativity; justice; courage,norm breaking reform or destabilization,"Activist, whistleblower, journalist, hacker, founder, and reformer recur with curiosity/justice/creativity.",Can be heroic reform or destructive chaos depending on justice and empathy.
